fbus,tbus,r,x,b,rateA,rateB,rateC,ratio,angle,status,angmin,angmax,Pf,Qf,Pt,Qt,mu_Sf,mu_St,mu_angmin,mu_angmax
30144,30174,0.000844,0.00513,0,298.05,0,0,0,0,1,0,0,-85.79,-60.81,85.88,59.49,0,0,0,0
40006,40007,0.000254,0.001189,0,298.05,0,0,0,0,1,0,0,41.59,5.18,-41.59,-5.16,0,0,0,0
10001,10022,0,0.828121224,0,99999,99999,99999,1,0,1,-360,360,0,0,0,0,0,0,0,0
10001,10228,0,1.914771777,0,99999,99999,99999,1,0,1,-360,360,0,0,0,0,0,0,0,0
10001,10860,0,0.988247322,0,99999,99999,99999,1,0,1,-360,360,0,0,0,0,0,0,0,0
10022,10093,0,1.909343528,0,99999,99999,99999,1,0,1,-360,360,0,0,0,0,0,0,0,0
10022,11016,0,0.469182756,0,99999,99999,99999,1,0,1,-360,360,0,0,0,0,0,0,0,0
10022,10025,0,0.842790316,0,99999,99999,99999,1,0,1,-360,360,0,0,0,0,0,0,0,0
10022,10344,0,0.685476584,0,99999,99999,99999,1,0,1,-360,360,0,0,0,0,0,0,0,0
10022,10228,0,0.271263835,0,99999,99999,99999,1,0,1,-360,360,0,0,0,0,0,0,0,0
10022,10558,0,2.141399302,0,99999,99999,99999,1,0,1,-360,360,0,0,0,0,0,0,0,0
10022,10750,0,0.40927852,0,99999,99999,99999,1,0,1,-360,360,0,0,0,0,0,0,0,0
10022,10860,0,0.105742384,0,99999,99999,99999,1,0,1,-360,360,0,0,0,0,0,0,0,0
10022,13504,0,0.819130123,0,99999,99999,99999,1,0,1,-360,360,0,0,0,0,0,0,0,0
10025,10093,0,0.878810828,0,99999,99999,99999,1,0,1,-360,360,0,0,0,0,0,0,0,0
10025,13175,0,1.674027193,0,99999,99999,99999,1,0,1,-360,360,0,0,0,0,0,0,0,0
10025,10033,0,0.431972377,0,99999,99999,99999,1,0,1,-360,360,0,0,0,0,0,0,0,0
10025,11016,0,0.721037025,0,99999,99999,99999,1,0,1,-360,360,0,0,0,0,0,0,0,0
10025,10344,0,0.484817146,0,99999,99999,99999,1,0,1,-360,360,0,0,0,0,0,0,0,0
10025,10228,0,0.379133094,0,99999,99999,99999,1,0,1,-360,360,0,0,0,0,0,0,0,0
10025,10750,0,0.629831935,0,99999,99999,99999,1,0,1,-360,360,0,0,0,0,0,0,0,0
10025,10860,0,0.16148999,0,99999,99999,99999,1,0,1,-360,360,0,0,0,0,0,0,0,0
10025,13504,0,0.639377072,0,99999,99999,99999,1,0,1,-360,360,0,0,0,0,0,0,0,0
10033,10093,0,0.054434029,0,99999,99999,99999,1,0,1,-360,360,0,0,0,0,0,0,0,0
10033,13175,0,0.472984449,0,99999,99999,99999,1,0,1,-360,360,0,0,0,0,0,0,0,0
10033,10035,0,0.006293282,0,99999,99999,99999,1,0,1,-360,360,0,0,0,0,0,0,0,0
10033,11016,0,1.592140525,0,99999,99999,99999,1,0,1,-360,360,0,0,0,0,0,0,0,0
10033,10344,0,1.269399095,0,99999,99999,99999,1,0,1,-360,360,0,0,0,0,0,0,0,0
10033,10228,0,1.123358362,0,99999,99999,99999,1,0,1,-360,360,0,0,0,0,0,0,0,0
10033,10750,0,1.409729484,0,99999,99999,99999,1,0,1,-360,360,0,0,0,0,0,0,0,0
10033,10860,0,0.504562194,0,99999,99999,99999,1,0,1,-360,360,0,0,0,0,0,0,0,0
10033,13504,0,0.294921467,0,99999,99999,99999,1,0,1,-360,360,0,0,0,0,0,0,0,0
10035,10093,0,0.217838493,0,99999,99999,99999,1,0,1,-360,360,0,0,0,0,0,0,0,0
10035,13175,0,0.670069197,0,99999,99999,99999,1,0,1,-360,360,0,0,0,0,0,0,0,0
10035,13504,0,0.445502007,0,99999,99999,99999,1,0,1,-360,360,0,0,0,0,0,0,0,0
10093,21597,0,2.046330588,0,99999,99999,99999,1,0,1,-360,360,0,0,0,0,0,0,0,0
10093,20490,0,1.592865406,0,99999,99999,99999,1,0,1,-360,360,0,0,0,0,0,0,0,0
10093,20136,0,1.840744058,0,99999,99999,99999,1,0,1,-360,360,0,0,0,0,0,0,0,0
10093,13446,0,1.675942999,0,99999,99999,99999,1,0,1,-360,360,0,0,0,0,0,0,0,0
10093,13000,0,1.336379797,0,99999,99999,99999,1,0,1,-360,360,0,0,0,0,0,0,0,0
10093,20007,0,1.360869845,0,99999,99999,99999,1,0,1,-360,360,0,0,0,0,0,0,0,0
10093,13366,0,1.572147763,0,99999,99999,99999,1,0,1,-360,360,0,0,0,0,0,0,0,0
10093,13175,0,0.074584673,0,99999,99999,99999,1,0,1,-360,360,0,0,0,0,0,0,0,0
10093,11016,0,0.647116246,0,99999,99999,99999,1,0,1,-360,360,0,0,0,0,0,0,0,0
10093,10600,0,1.862896916,0,99999,99999,99999,1,0,1,-360,360,0,0,0,0,0,0,0,0
10093,10344,0,0.886696685,0,99999,99999,99999,1,0,1,-360,360,0,0,0,0,0,0,0,0
10093,10228,0,0.742906877,0,99999,99999,99999,1,0,1,-360,360,0,0,0,0,0,0,0,0
10093,10750,0,0.581963136,0,99999,99999,99999,1,0,1,-360,360,0,0,0,0,0,0,0,0
10093,10860,0,0.401214175,0,99999,99999,99999,1,0,1,-360,360,0,0,0,0,0,0,0,0
10093,10570,0,1.523113229,0,99999,99999,99999,1,0,1,-360,360,0,0,0,0,0,0,0,0
10093,10609,0,0.592325967,0,99999,99999,99999,1,0,1,-360,360,0,0,0,0,0,0,0,0
10093,10677,0,2.138267533,0,99999,99999,99999,1,0,1,-360,360,0,0,0,0,0,0,0,0
10093,13504,0,0.062030813,0,99999,99999,99999,1,0,1,-360,360,0,0,0,0,0,0,0,0
10228,74235,0,1.692190012,0,99999,99999,99999,1,0,1,-360,360,0,0,0,0,0,0,0,0
10228,13175,0,1.245981721,0,99999,99999,99999,1,0,1,-360,360,0,0,0,0,0,0,0,0
10228,11016,0,0.125044742,0,99999,99999,99999,1,0,1,-360,360,0,0,0,0,0,0,0,0
10228,10525,0,0.359053634,0,99999,99999,99999,1,0,1,-360,360,0,0,0,0,0,0,0,0
10228,10344,0,0.279795451,0,99999,99999,99999,1,0,1,-360,360,0,0,0,0,0,0,0,0
10228,10558,0,0.602284358,0,99999,99999,99999,1,0,1,-360,360,0,0,0,0,0,0,0,0
10228,10750,0,0.097102451,0,99999,99999,99999,1,0,1,-360,360,0,0,0,0,0,0,0,0
10228,10860,0,0.087667629,0,99999,99999,99999,1,0,1,-360,360,0,0,0,0,0,0,0,0
10228,10570,0,0.813549488,0,99999,99999,99999,1,0,1,-360,360,0,0,0,0,0,0,0,0
10228,10609,0,1.191102034,0,99999,99999,99999,1,0,1,-360,360,0,0,0,0,0,0,0,0
10228,10677,0,1.521708988,0,99999,99999,99999,1,0,1,-360,360,0,0,0,0,0,0,0,0
10228,13504,0,0.283329126,0,99999,99999,99999,1,0,1,-360,360,0,0,0,0,0,0,0,0
10344,13175,0,1.670802367,0,99999,99999,99999,1,0,1,-360,360,0,0,0,0,0,0,0,0
10344,11016,0,0.577704128,0,99999,99999,99999,1,0,1,-360,360,0,0,0,0,0,0,0,0
10344,10750,0,0.504435578,0,99999,99999,99999,1,0,1,-360,360,0,0,0,0,0,0,0,0
10344,10860,0,0.190623102,0,99999,99999,99999,1,0,1,-360,360,0,0,0,0,0,0,0,0
10344,13504,0,0.601678734,0,99999,99999,99999,1,0,1,-360,360,0,0,0,0,0,0,0,0
10525,11016,0,0.601641013,0,99999,99999,99999,1,0,1,-360,360,0,0,0,0,0,0,0,0
10525,10750,0,0.496185491,0,99999,99999,99999,1,0,1,-360,360,0,0,0,0,0,0,0,0
10525,10860,0,0.652643162,0,99999,99999,99999,1,0,1,-360,360,0,0,0,0,0,0,0,0
10525,13504,0,1.418117729,0,99999,99999,99999,1,0,1,-360,360,0,0,0,0,0,0,0,0
10558,74235,0,2.136468815,0,99999,99999,99999,1,0,1,-360,360,0,0,0,0,0,0,0,0
10558,11016,0,0.323885739,0,99999,99999,99999,1,0,1,-360,360,0,0,0,0,0,0,0,0
10558,10600,0,1.346859683,0,99999,99999,99999,1,0,1,-360,360,0,0,0,0,0,0,0,0
10558,10750,0,0.315572119,0,99999,99999,99999,1,0,1,-360,360,0,0,0,0,0,0,0,0
10558,10860,0,0.516713175,0,99999,99999,99999,1,0,1,-360,360,0,0,0,0,0,0,0,0
10558,10570,0,0.572055834,0,99999,99999,99999,1,0,1,-360,360,0,0,0,0,0,0,0,0
10558,10677,0,1.952009124,0,99999,99999,99999,1,0,1,-360,360,0,0,0,0,0,0,0,0
10558,13504,0,0.675110509,0,99999,99999,99999,1,0,1,-360,360,0,0,0,0,0,0,0,0
10570,74235,0,2.136966143,0,99999,99999,99999,1,0,1,-360,360,0,0,0,0,0,0,0,0
10570,11016,0,0.39743452,0,99999,99999,99999,1,0,1,-360,360,0,0,0,0,0,0,0,0
10570,10600,0,0.204567474,0,99999,99999,99999,1,0,1,-360,360,0,0,0,0,0,0,0,0
10570,10750,0,0.402003651,0,99999,99999,99999,1,0,1,-360,360,0,0,0,0,0,0,0,0
10570,10860,0,0.666217199,0,99999,99999,99999,1,0,1,-360,360,0,0,0,0,0,0,0,0
10570,10609,0,1.3541646,0,99999,99999,99999,1,0,1,-360,360,0,0,0,0,0,0,0,0
10570,10677,0,1.906448809,0,99999,99999,99999,1,0,1,-360,360,0,0,0,0,0,0,0,0
10570,13504,0,0.400979027,0,99999,99999,99999,1,0,1,-360,360,0,0,0,0,0,0,0,0
10600,11016,0,0.824467705,0,99999,99999,99999,1,0,1,-360,360,0,0,0,0,0,0,0,0
10600,10750,0,0.878272908,0,99999,99999,99999,1,0,1,-360,360,0,0,0,0,0,0,0,0
10600,10860,0,1.750076553,0,99999,99999,99999,1,0,1,-360,360,0,0,0,0,0,0,0,0
10600,10609,0,0.213422468,0,99999,99999,99999,1,0,1,-360,360,0,0,0,0,0,0,0,0
10600,10677,0,1.900350648,0,99999,99999,99999,1,0,1,-360,360,0,0,0,0,0,0,0,0
10600,13504,0,0.413502829,0,99999,99999,99999,1,0,1,-360,360,0,0,0,0,0,0,0,0
10609,74235,0,2.119439319,0,99999,99999,99999,1,0,1,-360,360,0,0,0,0,0,0,0,0
10609,13446,0,0.736465508,0,99999,99999,99999,1,0,1,-360,360,0,0,0,0,0,0,0,0
10609,74001,0,1.472917622,0,99999,99999,99999,1,0,1,-360,360,0,0,0,0,0,0,0,0
10609,13175,0,0.875056514,0,99999,99999,99999,1,0,1,-360,360,0,0,0,0,0,0,0,0
10609,11016,0,0.724748688,0,99999,99999,99999,1,0,1,-360,360,0,0,0,0,0,0,0,0
10609,10750,0,0.662610576,0,99999,99999,99999,1,0,1,-360,360,0,0,0,0,0,0,0,0
10609,10860,0,0.830686576,0,99999,99999,99999,1,0,1,-360,360,0,0,0,0,0,0,0,0
10609,10677,0,1.121842976,0,99999,99999,99999,1,0,1,-360,360,0,0,0,0,0,0,0,0
10609,13504,0,0.129342878,0,99999,99999,99999,1,0,1,-360,360,0,0,0,0,0,0,0,0
10677,74235,0,0.173344576,0,99999,99999,99999,1,0,1,-360,360,0,0,0,0,0,0,0,0
10677,74132,0,1.074468597,0,99999,99999,99999,1,0,1,-360,360,0,0,0,0,0,0,0,0
10677,13446,0,0.829586324,0,99999,99999,99999,1,0,1,-360,360,0,0,0,0,0,0,0,0
10677,77173,0,1.627782232,0,99999,99999,99999,1,0,1,-360,360,0,0,0,0,0,0,0,0
10677,11016,0,0.444787118,0,99999,99999,99999,1,0,1,-360,360,0,0,0,0,0,0,0,0
10677,10750,0,0.51461706,0,99999,99999,99999,1,0,1,-360,360,0,0,0,0,0,0,0,0
10677,10860,0,1.363324221,0,99999,99999,99999,1,0,1,-360,360,0,0,0,0,0,0,0,0
10677,13504,0,0.473464926,0,99999,99999,99999,1,0,1,-360,360,0,0,0,0,0,0,0,0
10750,74235,0,0.543022959,0,99999,99999,99999,1,0,1,-360,360,0,0,0,0,0,0,0,0
10750,13446,0,1.897942612,0,99999,99999,99999,1,0,1,-360,360,0,0,0,0,0,0,0,0
10750,13175,0,0.907882781,0,99999,99999,99999,1,0,1,-360,360,0,0,0,0,0,0,0,0
10750,11016,0,0.035245308,0,99999,99999,99999,1,0,1,-360,360,0,0,0,0,0,0,0,0
10750,10860,0,0.103183008,0,99999,99999,99999,1,0,1,-360,360,0,0,0,0,0,0,0,0
10750,74053,0,0.628699538,0,99999,99999,99999,1,0,1,-360,360,0,0,0,0,0,0,0,0
10750,13504,0,0.169756401,0,99999,99999,99999,1,0,1,-360,360,0,0,0,0,0,0,0,0
10860,74235,0,1.585282643,0,99999,99999,99999,1,0,1,-360,360,0,0,0,0,0,0,0,0
10860,13175,0,0.701603375,0,99999,99999,99999,1,0,1,-360,360,0,0,0,0,0,0,0,0
10860,11016,0,0.114590071,0,99999,99999,99999,1,0,1,-360,360,0,0,0,0,0,0,0,0
10860,74053,0,2.035160844,0,99999,99999,99999,1,0,1,-360,360,0,0,0,0,0,0,0,0
10860,13504,0,0.182604022,0,99999,99999,99999,1,0,1,-360,360,0,0,0,0,0,0,0,0
11016,74235,0,0.462024818,0,99999,99999,99999,1,0,1,-360,360,0,0,0,0,0,0,0,0
11016,13446,0,1.956767965,0,99999,99999,99999,1,0,1,-360,360,0,0,0,0,0,0,0,0
11016,13175,0,1.007787094,0,99999,99999,99999,1,0,1,-360,360,0,0,0,0,0,0,0,0
11016,74053,0,0.469219808,0,99999,99999,99999,1,0,1,-360,360,0,0,0,0,0,0,0,0
11016,13504,0,0.187377927,0,99999,99999,99999,1,0,1,-360,360,0,0,0,0,0,0,0,0
13000,20000,0,2.015290526,0,99999,99999,99999,1,0,1,-360,360,0,0,0,0,0,0,0,0
13000,20007,0,0.361856473,0,99999,99999,99999,1,0,1,-360,360,0,0,0,0,0,0,0,0
13000,13175,0,1.724841876,0,99999,99999,99999,1,0,1,-360,360,0,0,0,0,0,0,0,0
13000,13504,0,0.526486721,0,99999,99999,99999,1,0,1,-360,360,0,0,0,0,0,0,0,0
13175,20007,0,1.882277907,0,99999,99999,99999,1,0,1,-360,360,0,0,0,0,0,0,0,0
13175,13504,0,0.091319198,0,99999,99999,99999,1,0,1,-360,360,0,0,0,0,0,0,0,0
13366,21647,0,1.999758723,0,99999,99999,99999,1,0,1,-360,360,0,0,0,0,0,0,0,0
13366,21597,0,1.317814881,0,99999,99999,99999,1,0,1,-360,360,0,0,0,0,0,0,0,0
13366,20490,0,1.091728991,0,99999,99999,99999,1,0,1,-360,360,0,0,0,0,0,0,0,0
13366,20136,0,1.050998635,0,99999,99999,99999,1,0,1,-360,360,0,0,0,0,0,0,0,0
13366,20007,0,0.305536465,0,99999,99999,99999,1,0,1,-360,360,0,0,0,0,0,0,0,0
13366,13504,0,0.373041488,0,99999,99999,99999,1,0,1,-360,360,0,0,0,0,0,0,0,0
13420,74001,0,0.467110461,0,99999,99999,99999,1,0,1,-360,360,0,0,0,0,0,0,0,0
13420,13504,0,1.020775008,0,99999,99999,99999,1,0,1,-360,360,0,0,0,0,0,0,0,0
13446,74235,0,1.557793391,0,99999,99999,99999,1,0,1,-360,360,0,0,0,0,0,0,0,0
13446,74001,0,0.691304589,0,99999,99999,99999,1,0,1,-360,360,0,0,0,0,0,0,0,0
13446,13504,0,0.354859447,0,99999,99999,99999,1,0,1,-360,360,0,0,0,0,0,0,0,0
13504,23054,0,1.476641879,0,99999,99999,99999,1,0,1,-360,360,0,0,0,0,0,0,0,0
13504,21140,0,1.219420383,0,99999,99999,99999,1,0,1,-360,360,0,0,0,0,0,0,0,0
13504,21647,0,0.624706769,0,99999,99999,99999,1,0,1,-360,360,0,0,0,0,0,0,0,0
13504,74235,0,0.847298058,0,99999,99999,99999,1,0,1,-360,360,0,0,0,0,0,0,0,0
13504,21597,0,0.414411496,0,99999,99999,99999,1,0,1,-360,360,0,0,0,0,0,0,0,0
13504,21165,0,0.833409943,0,99999,99999,99999,1,0,1,-360,360,0,0,0,0,0,0,0,0
13504,21121,0,0.968221469,0,99999,99999,99999,1,0,1,-360,360,0,0,0,0,0,0,0,0
13504,20026,0,1.054441491,0,99999,99999,99999,1,0,1,-360,360,0,0,0,0,0,0,0,0
13504,20490,0,0.321281451,0,99999,99999,99999,1,0,1,-360,360,0,0,0,0,0,0,0,0
13504,20136,0,0.373827803,0,99999,99999,99999,1,0,1,-360,360,0,0,0,0,0,0,0,0
13504,74001,0,0.674625764,0,99999,99999,99999,1,0,1,-360,360,0,0,0,0,0,0,0,0
13504,23377,0,1.148679646,0,99999,99999,99999,1,0,1,-360,360,0,0,0,0,0,0,0,0
13504,30001,0,0.792113003,0,99999,99999,99999,1,0,1,-360,360,0,0,0,0,0,0,0,0
13504,20007,0,0.340490933,0,99999,99999,99999,1,0,1,-360,360,0,0,0,0,0,0,0,0
20000,20007,0,0.336938743,0,99999,99999,99999,1,0,1,-360,360,0,0,0,0,0,0,0,0
20007,21597,0,1.713972472,0,99999,99999,99999,1,0,1,-360,360,0,0,0,0,0,0,0,0
20007,20490,0,1.394987264,0,99999,99999,99999,1,0,1,-360,360,0,0,0,0,0,0,0,0
20007,20136,0,1.413699175,0,99999,99999,99999,1,0,1,-360,360,0,0,0,0,0,0,0,0
20026,21140,0,2.056997912,0,99999,99999,99999,1,0,1,-360,360,0,0,0,0,0,0,0,0
20026,21647,0,1.200761799,0,99999,99999,99999,1,0,1,-360,360,0,0,0,0,0,0,0,0
20026,21597,0,0.809734053,0,99999,99999,99999,1,0,1,-360,360,0,0,0,0,0,0,0,0
20026,21165,0,1.395492418,0,99999,99999,99999,1,0,1,-360,360,0,0,0,0,0,0,0,0
20026,21121,0,1.499251359,0,99999,99999,99999,1,0,1,-360,360,0,0,0,0,0,0,0,0
20026,20490,0,0.616577758,0,99999,99999,99999,1,0,1,-360,360,0,0,0,0,0,0,0,0
20026,20136,0,0.783833394,0,99999,99999,99999,1,0,1,-360,360,0,0,0,0,0,0,0,0
20136,23230,0,1.021179396,0,99999,99999,99999,1,0,1,-360,360,0,0,0,0,0,0,0,0
20136,23060,0,0.652681348,0,99999,99999,99999,1,0,1,-360,360,0,0,0,0,0,0,0,0
20136,23054,0,0.378542393,0,99999,99999,99999,1,0,1,-360,360,0,0,0,0,0,0,0,0
20136,23017,0,0.845747251,0,99999,99999,99999,1,0,1,-360,360,0,0,0,0,0,0,0,0
20136,21140,0,0.333855927,0,99999,99999,99999,1,0,1,-360,360,0,0,0,0,0,0,0,0
20136,21647,0,0.193210179,0,99999,99999,99999,1,0,1,-360,360,0,0,0,0,0,0,0,0
20136,21597,0,0.122182888,0,99999,99999,99999,1,0,1,-360,360,0,0,0,0,0,0,0,0
20136,21165,0,0.218515281,0,99999,99999,99999,1,0,1,-360,360,0,0,0,0,0,0,0,0
20136,21121,0,0.265136308,0,99999,99999,99999,1,0,1,-360,360,0,0,0,0,0,0,0,0
20136,20490,0,0.19948349,0,99999,99999,99999,1,0,1,-360,360,0,0,0,0,0,0,0,0
20136,26163,0,1.106338797,0,99999,99999,99999,1,0,1,-360,360,0,0,0,0,0,0,0,0
20136,26133,0,1.731655603,0,99999,99999,99999,1,0,1,-360,360,0,0,0,0,0,0,0,0
20136,25289,0,1.205729154,0,99999,99999,99999,1,0,1,-360,360,0,0,0,0,0,0,0,0
20136,23377,0,0.332107001,0,99999,99999,99999,1,0,1,-360,360,0,0,0,0,0,0,0,0
20136,30001,0,0.22574642,0,99999,99999,99999,1,0,1,-360,360,0,0,0,0,0,0,0,0
20490,23230,0,1.930041279,0,99999,99999,99999,1,0,1,-360,360,0,0,0,0,0,0,0,0
20490,23060,0,0.920949577,0,99999,99999,99999,1,0,1,-360,360,0,0,0,0,0,0,0,0
20490,23054,0,0.442889154,0,99999,99999,99999,1,0,1,-360,360,0,0,0,0,0,0,0,0
20490,23017,0,0.854840509,0,99999,99999,99999,1,0,1,-360,360,0,0,0,0,0,0,0,0
20490,21140,0,0.196928833,0,99999,99999,99999,1,0,1,-360,360,0,0,0,0,0,0,0,0
20490,21647,0,0.096978913,0,99999,99999,99999,1,0,1,-360,360,0,0,0,0,0,0,0,0
20490,21597,0,0.083111958,0,99999,99999,99999,1,0,1,-360,360,0,0,0,0,0,0,0,0
20490,21165,0,0.135632823,0,99999,99999,99999,1,0,1,-360,360,0,0,0,0,0,0,0,0
20490,21121,0,0.141847167,0,99999,99999,99999,1,0,1,-360,360,0,0,0,0,0,0,0,0
20490,26163,0,2.039722088,0,99999,99999,99999,1,0,1,-360,360,0,0,0,0,0,0,0,0
20490,23377,0,0.419309915,0,99999,99999,99999,1,0,1,-360,360,0,0,0,0,0,0,0,0
20490,30001,0,0.650583611,0,99999,99999,99999,1,0,1,-360,360,0,0,0,0,0,0,0,0
21121,23060,0,1.057341594,0,99999,99999,99999,1,0,1,-360,360,0,0,0,0,0,0,0,0
21121,23054,0,0.444805657,0,99999,99999,99999,1,0,1,-360,360,0,0,0,0,0,0,0,0
21121,23017,0,0.721342947,0,99999,99999,99999,1,0,1,-360,360,0,0,0,0,0,0,0,0
21121,21140,0,0.068474426,0,99999,99999,99999,1,0,1,-360,360,0,0,0,0,0,0,0,0
21121,21647,0,0.145011236,0,99999,99999,99999,1,0,1,-360,360,0,0,0,0,0,0,0,0
21121,21597,0,0.111911752,0,99999,99999,99999,1,0,1,-360,360,0,0,0,0,0,0,0,0
21121,21165,0,0.046207669,0,99999,99999,99999,1,0,1,-360,360,0,0,0,0,0,0,0,0
21121,23377,0,0.404613512,0,99999,99999,99999,1,0,1,-360,360,0,0,0,0,0,0,0,0
21121,30001,0,1.133939196,0,99999,99999,99999,1,0,1,-360,360,0,0,0,0,0,0,0,0
21140,23060,0,1.160134614,0,99999,99999,99999,1,0,1,-360,360,0,0,0,0,0,0,0,0
21140,23054,0,0.485337272,0,99999,99999,99999,1,0,1,-360,360,0,0,0,0,0,0,0,0
21140,23017,0,0.803624364,0,99999,99999,99999,1,0,1,-360,360,0,0,0,0,0,0,0,0
21140,21647,0,0.156151929,0,99999,99999,99999,1,0,1,-360,360,0,0,0,0,0,0,0,0
21140,21597,0,0.116815316,0,99999,99999,99999,1,0,1,-360,360,0,0,0,0,0,0,0,0
21140,21165,0,0.077592855,0,99999,99999,99999,1,0,1,-360,360,0,0,0,0,0,0,0,0
21140,23377,0,0.450473471,0,99999,99999,99999,1,0,1,-360,360,0,0,0,0,0,0,0,0
21140,30001,0,1.386005426,0,99999,99999,99999,1,0,1,-360,360,0,0,0,0,0,0,0,0
21165,23060,0,0.836580432,0,99999,99999,99999,1,0,1,-360,360,0,0,0,0,0,0,0,0
21165,23054,0,0.352626943,0,99999,99999,99999,1,0,1,-360,360,0,0,0,0,0,0,0,0
21165,23017,0,0.607650517,0,99999,99999,99999,1,0,1,-360,360,0,0,0,0,0,0,0,0
21165,21647,0,0.109868939,0,99999,99999,99999,1,0,1,-360,360,0,0,0,0,0,0,0,0
21165,21597,0,0.085584374,0,99999,99999,99999,1,0,1,-360,360,0,0,0,0,0,0,0,0
21165,23377,0,0.335291816,0,99999,99999,99999,1,0,1,-360,360,0,0,0,0,0,0,0,0
21165,30001,0,0.933254257,0,99999,99999,99999,1,0,1,-360,360,0,0,0,0,0,0,0,0
21597,23230,0,1.154436794,0,99999,99999,99999,1,0,1,-360,360,0,0,0,0,0,0,0,0
21597,23060,0,0.411836842,0,99999,99999,99999,1,0,1,-360,360,0,0,0,0,0,0,0,0
21597,23054,0,0.19735407,0,99999,99999,99999,1,0,1,-360,360,0,0,0,0,0,0,0,0
21597,23017,0,0.391134448,0,99999,99999,99999,1,0,1,-360,360,0,0,0,0,0,0,0,0
21597,21647,0,0.046424772,0,99999,99999,99999,1,0,1,-360,360,0,0,0,0,0,0,0,0
21597,26163,0,1.162227537,0,99999,99999,99999,1,0,1,-360,360,0,0,0,0,0,0,0,0
21597,26133,0,1.745636606,0,99999,99999,99999,1,0,1,-360,360,0,0,0,0,0,0,0,0
21597,25289,0,1.36354086,0,99999,99999,99999,1,0,1,-360,360,0,0,0,0,0,0,0,0
21597,23377,0,0.20029322,0,99999,99999,99999,1,0,1,-360,360,0,0,0,0,0,0,0,0
21597,30001,0,0.464939928,0,99999,99999,99999,1,0,1,-360,360,0,0,0,0,0,0,0,0
21647,23230,0,1.826387273,0,99999,99999,99999,1,0,1,-360,360,0,0,0,0,0,0,0,0
21647,23060,0,0.653114995,0,99999,99999,99999,1,0,1,-360,360,0,0,0,0,0,0,0,0
21647,23054,0,0.299213271,0,99999,99999,99999,1,0,1,-360,360,0,0,0,0,0,0,0,0
21647,23017,0,0.5775752,0,99999,99999,99999,1,0,1,-360,360,0,0,0,0,0,0,0,0
21647,26163,0,1.819499199,0,99999,99999,99999,1,0,1,-360,360,0,0,0,0,0,0,0,0
21647,23377,0,0.301326042,0,99999,99999,99999,1,0,1,-360,360,0,0,0,0,0,0,0,0
21647,30001,0,0.738808371,0,99999,99999,99999,1,0,1,-360,360,0,0,0,0,0,0,0,0
23017,23230,0,1.079036352,0,99999,99999,99999,1,0,1,-360,360,0,0,0,0,0,0,0,0
23017,23060,0,1.070781919,0,99999,99999,99999,1,0,1,-360,360,0,0,0,0,0,0,0,0
23017,23054,0,0.537918487,0,99999,99999,99999,1,0,1,-360,360,0,0,0,0,0,0,0,0
23017,26163,0,0.632678838,0,99999,99999,99999,1,0,1,-360,360,0,0,0,0,0,0,0,0
23017,26133,0,0.849441148,0,99999,99999,99999,1,0,1,-360,360,0,0,0,0,0,0,0,0
23017,25289,0,1.101440526,0,99999,99999,99999,1,0,1,-360,360,0,0,0,0,0,0,0,0
23017,23377,0,0.040683673,0,99999,99999,99999,1,0,1,-360,360,0,0,0,0,0,0,0,0
23054,23230,0,1.061215068,0,99999,99999,99999,1,0,1,-360,360,0,0,0,0,0,0,0,0
23054,23060,0,0.115793051,0,99999,99999,99999,1,0,1,-360,360,0,0,0,0,0,0,0,0
23054,26163,0,1.141222857,0,99999,99999,99999,1,0,1,-360,360,0,0,0,0,0,0,0,0
23054,26133,0,1.678695052,0,99999,99999,99999,1,0,1,-360,360,0,0,0,0,0,0,0,0
23054,25289,0,1.611482397,0,99999,99999,99999,1,0,1,-360,360,0,0,0,0,0,0,0,0
23054,23377,0,0.235687209,0,99999,99999,99999,1,0,1,-360,360,0,0,0,0,0,0,0,0
23054,30001,0,1.286257483,0,99999,99999,99999,1,0,1,-360,360,0,0,0,0,0,0,0,0
23060,23230,0,1.499953519,0,99999,99999,99999,1,0,1,-360,360,0,0,0,0,0,0,0,0
23060,26163,0,1.649025089,0,99999,99999,99999,1,0,1,-360,360,0,0,0,0,0,0,0,0
23060,23377,0,0.420504904,0,99999,99999,99999,1,0,1,-360,360,0,0,0,0,0,0,0,0
23060,30001,0,2.076405973,0,99999,99999,99999,1,0,1,-360,360,0,0,0,0,0,0,0,0
23230,26201,0,0.766101226,0,99999,99999,99999,1,0,1,-360,360,0,0,0,0,0,0,0,0
23230,26163,0,0.302776792,0,99999,99999,99999,1,0,1,-360,360,0,0,0,0,0,0,0,0
23230,26133,0,0.396888338,0,99999,99999,99999,1,0,1,-360,360,0,0,0,0,0,0,0,0
23230,25595,0,2.009104387,0,99999,99999,99999,1,0,1,-360,360,0,0,0,0,0,0,0,0
23230,25830,0,0.79806587,0,99999,99999,99999,1,0,1,-360,360,0,0,0,0,0,0,0,0
23230,25598,0,1.722176249,0,99999,99999,99999,1,0,1,-360,360,0,0,0,0,0,0,0,0
23230,25400,0,1.940084222,0,99999,99999,99999,1,0,1,-360,360,0,0,0,0,0,0,0,0
23230,25403,0,1.625428078,0,99999,99999,99999,1,0,1,-360,360,0,0,0,0,0,0,0,0
23230,25439,0,1.285827718,0,99999,99999,99999,1,0,1,-360,360,0,0,0,0,0,0,0,0
23230,25289,0,0.312364559,0,99999,99999,99999,1,0,1,-360,360,0,0,0,0,0,0,0,0
23230,23377,0,0.308940968,0,99999,99999,99999,1,0,1,-360,360,0,0,0,0,0,0,0,0
23230,30001,0,1.227631172,0,99999,99999,99999,1,0,1,-360,360,0,0,0,0,0,0,0,0
23263,30174,0,1.411857894,0,99999,99999,99999,1,0,1,-360,360,0,0,0,0,0,0,0,0
23263,30182,0,0.88043997,0,99999,99999,99999,1,0,1,-360,360,0,0,0,0,0,0,0,0
23263,30220,0,1.073633096,0,99999,99999,99999,1,0,1,-360,360,0,0,0,0,0,0,0,0
23263,30207,0,0.699027215,0,99999,99999,99999,1,0,1,-360,360,0,0,0,0,0,0,0,0
23263,30124,0,1.049076661,0,99999,99999,99999,1,0,1,-360,360,0,0,0,0,0,0,0,0
23263,30374,0,1.579328885,0,99999,99999,99999,1,0,1,-360,360,0,0,0,0,0,0,0,0
23377,26201,0,0.592852987,0,99999,99999,99999,1,0,1,-360,360,0,0,0,0,0,0,0,0
23377,26163,0,0.160632881,0,99999,99999,99999,1,0,1,-360,360,0,0,0,0,0,0,0,0
23377,26133,0,0.249581168,0,99999,99999,99999,1,0,1,-360,360,0,0,0,0,0,0,0,0
23377,25595,0,1.943499155,0,99999,99999,99999,1,0,1,-360,360,0,0,0,0,0,0,0,0
23377,25830,0,0.583255051,0,99999,99999,99999,1,0,1,-360,360,0,0,0,0,0,0,0,0
23377,25598,0,1.552714107,0,99999,99999,99999,1,0,1,-360,360,0,0,0,0,0,0,0,0
23377,25400,0,1.802324072,0,99999,99999,99999,1,0,1,-360,360,0,0,0,0,0,0,0,0
23377,25403,0,1.423473742,0,99999,99999,99999,1,0,1,-360,360,0,0,0,0,0,0,0,0
23377,25439,0,1.160661181,0,99999,99999,99999,1,0,1,-360,360,0,0,0,0,0,0,0,0
23377,25289,0,0.286788976,0,99999,99999,99999,1,0,1,-360,360,0,0,0,0,0,0,0,0
23377,30001,0,0.891657918,0,99999,99999,99999,1,0,1,-360,360,0,0,0,0,0,0,0,0
25160,28099,0,1.052135378,0,99999,99999,99999,1,0,1,-360,360,0,0,0,0,0,0,0,0
25160,28078,0,1.401268117,0,99999,99999,99999,1,0,1,-360,360,0,0,0,0,0,0,0,0
25160,26201,0,0.743744917,0,99999,99999,99999,1,0,1,-360,360,0,0,0,0,0,0,0,0
25160,26163,0,0.685268332,0,99999,99999,99999,1,0,1,-360,360,0,0,0,0,0,0,0,0
25160,26133,0,1.110318154,0,99999,99999,99999,1,0,1,-360,360,0,0,0,0,0,0,0,0
25160,26100,0,0.884961533,0,99999,99999,99999,1,0,1,-360,360,0,0,0,0,0,0,0,0
25160,25375,0,0.747594082,0,99999,99999,99999,1,0,1,-360,360,0,0,0,0,0,0,0,0
25160,25385,0,0.107365366,0,99999,99999,99999,1,0,1,-360,360,0,0,0,0,0,0,0,0
25160,25675,0,2.116004768,0,99999,99999,99999,1,0,1,-360,360,0,0,0,0,0,0,0,0
25160,25595,0,1.19369721,0,99999,99999,99999,1,0,1,-360,360,0,0,0,0,0,0,0,0
25160,25830,0,0.377605277,0,99999,99999,99999,1,0,1,-360,360,0,0,0,0,0,0,0,0
25160,25714,0,1.629388926,0,99999,99999,99999,1,0,1,-360,360,0,0,0,0,0,0,0,0
25160,25618,0,0.802771433,0,99999,99999,99999,1,0,1,-360,360,0,0,0,0,0,0,0,0
25160,25598,0,0.126760045,0,99999,99999,99999,1,0,1,-360,360,0,0,0,0,0,0,0,0
25160,25400,0,0.329687281,0,99999,99999,99999,1,0,1,-360,360,0,0,0,0,0,0,0,0
25160,25403,0,0.077825046,0,99999,99999,99999,1,0,1,-360,360,0,0,0,0,0,0,0,0
25160,25439,0,0.318161481,0,99999,99999,99999,1,0,1,-360,360,0,0,0,0,0,0,0,0
25160,25289,0,0.150229332,0,99999,99999,99999,1,0,1,-360,360,0,0,0,0,0,0,0,0
25289,28549,0,1.637801769,0,99999,99999,99999,1,0,1,-360,360,0,0,0,0,0,0,0,0
25289,28474,0,1.123180601,0,99999,99999,99999,1,0,1,-360,360,0,0,0,0,0,0,0,0
25289,28365,0,0.88397086,0,99999,99999,99999,1,0,1,-360,360,0,0,0,0,0,0,0,0
25289,28302,0,0.307916083,0,99999,99999,99999,1,0,1,-360,360,0,0,0,0,0,0,0,0
25289,28401,0,0.302099888,0,99999,99999,99999,1,0,1,-360,360,0,0,0,0,0,0,0,0
25289,28122,0,1.505956748,0,99999,99999,99999,1,0,1,-360,360,0,0,0,0,0,0,0,0
25289,28060,0,0.516407249,0,99999,99999,99999,1,0,1,-360,360,0,0,0,0,0,0,0,0
25289,28099,0,0.078640605,0,99999,99999,99999,1,0,1,-360,360,0,0,0,0,0,0,0,0
25289,28078,0,0.182855445,0,99999,99999,99999,1,0,1,-360,360,0,0,0,0,0,0,0,0
25289,25730,0,0.133959705,0,99999,99999,99999,1,0,1,-360,360,0,0,0,0,0,0,0,0
25289,26201,0,0.039397036,0,99999,99999,99999,1,0,1,-360,360,0,0,0,0,0,0,0,0
25289,26163,0,0.044264923,0,99999,99999,99999,1,0,1,-360,360,0,0,0,0,0,0,0,0
25289,26133,0,0.087170342,0,99999,99999,99999,1,0,1,-360,360,0,0,0,0,0,0,0,0
25289,26100,0,0.133223416,0,99999,99999,99999,1,0,1,-360,360,0,0,0,0,0,0,0,0
25289,25375,0,0.248361249,0,99999,99999,99999,1,0,1,-360,360,0,0,0,0,0,0,0,0
25289,25385,0,0.143765549,0,99999,99999,99999,1,0,1,-360,360,0,0,0,0,0,0,0,0
25289,25675,0,0.135249703,0,99999,99999,99999,1,0,1,-360,360,0,0,0,0,0,0,0,0
25289,25595,0,0.051278863,0,99999,99999,99999,1,0,1,-360,360,0,0,0,0,0,0,0,0
25289,25830,0,0.046968998,0,99999,99999,99999,1,0,1,-360,360,0,0,0,0,0,0,0,0
25289,25714,0,0.081385458,0,99999,99999,99999,1,0,1,-360,360,0,0,0,0,0,0,0,0
25289,25618,0,0.056247591,0,99999,99999,99999,1,0,1,-360,360,0,0,0,0,0,0,0,0
25289,25598,0,0.032841247,0,99999,99999,99999,1,0,1,-360,360,0,0,0,0,0,0,0,0
25289,25400,0,0.031977228,0,99999,99999,99999,1,0,1,-360,360,0,0,0,0,0,0,0,0
25289,25403,0,0.0336006,0,99999,99999,99999,1,0,1,-360,360,0,0,0,0,0,0,0,0
25289,25439,0,0.023482109,0,99999,99999,99999,1,0,1,-360,360,0,0,0,0,0,0,0,0
25289,30001,0,1.301967662,0,99999,99999,99999,1,0,1,-360,360,0,0,0,0,0,0,0,0
25289,28667,0,0.876937714,0,99999,99999,99999,1,0,1,-360,360,0,0,0,0,0,0,0,0
25289,30374,0,1.326772065,0,99999,99999,99999,1,0,1,-360,360,0,0,0,0,0,0,0,0
25289,26116,0,0.173033084,0,99999,99999,99999,1,0,1,-360,360,0,0,0,0,0,0,0,0
25375,28365,0,1.254923895,0,99999,99999,99999,1,0,1,-360,360,0,0,0,0,0,0,0,0
25375,28302,0,1.988636647,0,99999,99999,99999,1,0,1,-360,360,0,0,0,0,0,0,0,0
25375,28060,0,0.712830819,0,99999,99999,99999,1,0,1,-360,360,0,0,0,0,0,0,0,0
25375,28099,0,0.199811687,0,99999,99999,99999,1,0,1,-360,360,0,0,0,0,0,0,0,0
25375,28078,0,0.240190707,0,99999,99999,99999,1,0,1,-360,360,0,0,0,0,0,0,0,0
25375,25730,0,0.540347105,0,99999,99999,99999,1,0,1,-360,360,0,0,0,0,0,0,0,0
25375,26201,0,1.319861192,0,99999,99999,99999,1,0,1,-360,360,0,0,0,0,0,0,0,0
25375,26163,0,1.060157179,0,99999,99999,99999,1,0,1,-360,360,0,0,0,0,0,0,0,0
25375,26133,0,1.988818968,0,99999,99999,99999,1,0,1,-360,360,0,0,0,0,0,0,0,0
25375,26100,0,0.15185168,0,99999,99999,99999,1,0,1,-360,360,0,0,0,0,0,0,0,0
25375,25385,0,0.048702503,0,99999,99999,99999,1,0,1,-360,360,0,0,0,0,0,0,0,0
25375,25675,0,0.499392662,0,99999,99999,99999,1,0,1,-360,360,0,0,0,0,0,0,0,0
25375,25595,0,1.167290336,0,99999,99999,99999,1,0,1,-360,360,0,0,0,0,0,0,0,0
25375,25830,0,0.321489216,0,99999,99999,99999,1,0,1,-360,360,0,0,0,0,0,0,0,0
25375,25714,0,1.475034429,0,99999,99999,99999,1,0,1,-360,360,0,0,0,0,0,0,0,0
25375,25618,0,1.683644895,0,99999,99999,99999,1,0,1,-360,360,0,0,0,0,0,0,0,0
25375,25598,0,0.086994645,0,99999,99999,99999,1,0,1,-360,360,0,0,0,0,0,0,0,0
25375,25400,0,1.04154973,0,99999,99999,99999,1,0,1,-360,360,0,0,0,0,0,0,0,0
25375,25403,0,0.180662592,0,99999,99999,99999,1,0,1,-360,360,0,0,0,0,0,0,0,0
25375,25439,0,0.180547243,0,99999,99999,99999,1,0,1,-360,360,0,0,0,0,0,0,0,0
25385,28365,0,1.814892664,0,99999,99999,99999,1,0,1,-360,360,0,0,0,0,0,0,0,0
25385,28060,0,1.035920245,0,99999,99999,99999,1,0,1,-360,360,0,0,0,0,0,0,0,0
25385,28099,0,0.269671475,0,99999,99999,99999,1,0,1,-360,360,0,0,0,0,0,0,0,0
25385,28078,0,0.307329126,0,99999,99999,99999,1,0,1,-360,360,0,0,0,0,0,0,0,0
25385,25730,0,0.745768866,0,99999,99999,99999,1,0,1,-360,360,0,0,0,0,0,0,0,0
25385,26201,0,0.848547528,0,99999,99999,99999,1,0,1,-360,360,0,0,0,0,0,0,0,0
25385,26163,0,0.75409051,0,99999,99999,99999,1,0,1,-360,360,0,0,0,0,0,0,0,0
25385,26133,0,1.413187746,0,99999,99999,99999,1,0,1,-360,360,0,0,0,0,0,0,0,0
25385,26100,0,0.189550307,0,99999,99999,99999,1,0,1,-360,360,0,0,0,0,0,0,0,0
25385,25675,0,0.616750659,0,99999,99999,99999,1,0,1,-360,360,0,0,0,0,0,0,0,0
25385,25595,0,0.892288239,0,99999,99999,99999,1,0,1,-360,360,0,0,0,0,0,0,0,0
25385,25830,0,0.287169015,0,99999,99999,99999,1,0,1,-360,360,0,0,0,0,0,0,0,0
25385,25714,0,1.149999835,0,99999,99999,99999,1,0,1,-360,360,0,0,0,0,0,0,0,0
25385,25618,0,0.734443535,0,99999,99999,99999,1,0,1,-360,360,0,0,0,0,0,0,0,0
25385,25598,0,0.051096365,0,99999,99999,99999,1,0,1,-360,360,0,0,0,0,0,0,0,0
25385,25400,0,0.384740195,0,99999,99999,99999,1,0,1,-360,360,0,0,0,0,0,0,0,0
25385,25403,0,0.04420291,0,99999,99999,99999,1,0,1,-360,360,0,0,0,0,0,0,0,0
25385,25439,0,0.112167962,0,99999,99999,99999,1,0,1,-360,360,0,0,0,0,0,0,0,0
25400,28302,0,1.75335446,0,99999,99999,99999,1,0,1,-360,360,0,0,0,0,0,0,0,0
25400,28401,0,1.688810874,0,99999,99999,99999,1,0,1,-360,360,0,0,0,0,0,0,0,0
25400,28099,0,0.443166722,0,99999,99999,99999,1,0,1,-360,360,0,0,0,0,0,0,0,0
25400,28078,0,0.990258421,0,99999,99999,99999,1,0,1,-360,360,0,0,0,0,0,0,0,0
25400,25730,0,0.764273844,0,99999,99999,99999,1,0,1,-360,360,0,0,0,0,0,0,0,0
25400,26201,0,0.251451932,0,99999,99999,99999,1,0,1,-360,360,0,0,0,0,0,0,0,0
25400,26163,0,0.278783751,0,99999,99999,99999,1,0,1,-360,360,0,0,0,0,0,0,0,0
25400,26133,0,0.536290756,0,99999,99999,99999,1,0,1,-360,360,0,0,0,0,0,0,0,0
25400,26100,0,0.712703373,0,99999,99999,99999,1,0,1,-360,360,0,0,0,0,0,0,0,0
25400,25675,0,0.720686611,0,99999,99999,99999,1,0,1,-360,360,0,0,0,0,0,0,0,0
25400,25595,0,0.286823977,0,99999,99999,99999,1,0,1,-360,360,0,0,0,0,0,0,0,0
25400,25830,0,0.275929283,0,99999,99999,99999,1,0,1,-360,360,0,0,0,0,0,0,0,0
25400,25714,0,0.372969858,0,99999,99999,99999,1,0,1,-360,360,0,0,0,0,0,0,0,0
25400,25618,0,0.086141986,0,99999,99999,99999,1,0,1,-360,360,0,0,0,0,0,0,0,0
25400,25598,0,0.118786809,0,99999,99999,99999,1,0,1,-360,360,0,0,0,0,0,0,0,0
25400,25403,0,0.143239318,0,99999,99999,99999,1,0,1,-360,360,0,0,0,0,0,0,0,0
25400,25439,0,0.140079092,0,99999,99999,99999,1,0,1,-360,360,0,0,0,0,0,0,0,0
25400,26116,0,0.986322617,0,99999,99999,99999,1,0,1,-360,360,0,0,0,0,0,0,0,0
25403,28365,0,1.833842631,0,99999,99999,99999,1,0,1,-360,360,0,0,0,0,0,0,0,0
25403,28302,0,1.26143071,0,99999,99999,99999,1,0,1,-360,360,0,0,0,0,0,0,0,0
25403,28401,0,1.283379879,0,99999,99999,99999,1,0,1,-360,360,0,0,0,0,0,0,0,0
25403,28060,0,0.935957786,0,99999,99999,99999,1,0,1,-360,360,0,0,0,0,0,0,0,0
25403,28099,0,0.189692499,0,99999,99999,99999,1,0,1,-360,360,0,0,0,0,0,0,0,0
25403,28078,0,0.199605175,0,99999,99999,99999,1,0,1,-360,360,0,0,0,0,0,0,0,0
25403,25730,0,0.467066049,0,99999,99999,99999,1,0,1,-360,360,0,0,0,0,0,0,0,0
25403,26201,0,0.228469451,0,99999,99999,99999,1,0,1,-360,360,0,0,0,0,0,0,0,0
25403,26163,0,0.21008914,0,99999,99999,99999,1,0,1,-360,360,0,0,0,0,0,0,0,0
25403,26133,0,0.401955189,0,99999,99999,99999,1,0,1,-360,360,0,0,0,0,0,0,0,0
25403,26100,0,0.121051502,0,99999,99999,99999,1,0,1,-360,360,0,0,0,0,0,0,0,0
25403,25675,0,0.475908414,0,99999,99999,99999,1,0,1,-360,360,0,0,0,0,0,0,0,0
25403,25595,0,0.272545889,0,99999,99999,99999,1,0,1,-360,360,0,0,0,0,0,0,0,0
25403,25830,0,0.095905165,0,99999,99999,99999,1,0,1,-360,360,0,0,0,0,0,0,0,0
25403,25714,0,0.403536185,0,99999,99999,99999,1,0,1,-360,360,0,0,0,0,0,0,0,0
25403,25618,0,0.277667674,0,99999,99999,99999,1,0,1,-360,360,0,0,0,0,0,0,0,0
25403,25598,0,0.057231327,0,99999,99999,99999,1,0,1,-360,360,0,0,0,0,0,0,0,0
25403,25439,0,0.085111811,0,99999,99999,99999,1,0,1,-360,360,0,0,0,0,0,0,0,0
25403,26116,0,1.040656664,0,99999,99999,99999,1,0,1,-360,360,0,0,0,0,0,0,0,0
25439,28365,0,1.328393063,0,99999,99999,99999,1,0,1,-360,360,0,0,0,0,0,0,0,0
25439,28302,0,0.929935057,0,99999,99999,99999,1,0,1,-360,360,0,0,0,0,0,0,0,0
25439,28401,0,0.948554697,0,99999,99999,99999,1,0,1,-360,360,0,0,0,0,0,0,0,0
25439,28060,0,0.778684011,0,99999,99999,99999,1,0,1,-360,360,0,0,0,0,0,0,0,0
25439,28099,0,0.163448384,0,99999,99999,99999,1,0,1,-360,360,0,0,0,0,0,0,0,0
25439,28078,0,0.243903715,0,99999,99999,99999,1,0,1,-360,360,0,0,0,0,0,0,0,0
25439,25730,0,0.353511219,0,99999,99999,99999,1,0,1,-360,360,0,0,0,0,0,0,0,0
25439,26201,0,0.171392175,0,99999,99999,99999,1,0,1,-360,360,0,0,0,0,0,0,0,0
25439,26163,0,0.176941881,0,99999,99999,99999,1,0,1,-360,360,0,0,0,0,0,0,0,0
25439,26133,0,0.34779221,0,99999,99999,99999,1,0,1,-360,360,0,0,0,0,0,0,0,0
25439,26100,0,0.156875111,0,99999,99999,99999,1,0,1,-360,360,0,0,0,0,0,0,0,0
25439,25675,0,0.314475578,0,99999,99999,99999,1,0,1,-360,360,0,0,0,0,0,0,0,0
25439,25595,0,0.195797668,0,99999,99999,99999,1,0,1,-360,360,0,0,0,0,0,0,0,0
25439,25830,0,0.137609259,0,99999,99999,99999,1,0,1,-360,360,0,0,0,0,0,0,0,0
25439,25714,0,0.301224627,0,99999,99999,99999,1,0,1,-360,360,0,0,0,0,0,0,0,0
25439,25618,0,0.233439275,0,99999,99999,99999,1,0,1,-360,360,0,0,0,0,0,0,0,0
25439,25598,0,0.021263005,0,99999,99999,99999,1,0,1,-360,360,0,0,0,0,0,0,0,0
25439,26116,0,0.769969956,0,99999,99999,99999,1,0,1,-360,360,0,0,0,0,0,0,0,0
25595,28302,0,0.621259974,0,99999,99999,99999,1,0,1,-360,360,0,0,0,0,0,0,0,0
25595,28401,0,0.557852572,0,99999,99999,99999,1,0,1,-360,360,0,0,0,0,0,0,0,0
25595,28060,0,1.377093319,0,99999,99999,99999,1,0,1,-360,360,0,0,0,0,0,0,0,0
25595,28099,0,0.192663726,0,99999,99999,99999,1,0,1,-360,360,0,0,0,0,0,0,0,0
25595,28078,0,0.596703811,0,99999,99999,99999,1,0,1,-360,360,0,0,0,0,0,0,0,0
25595,25730,0,0.24911338,0,99999,99999,99999,1,0,1,-360,360,0,0,0,0,0,0,0,0
25595,26201,0,0.270284077,0,99999,99999,99999,1,0,1,-360,360,0,0,0,0,0,0,0,0
25595,26163,0,0.305383808,0,99999,99999,99999,1,0,1,-360,360,0,0,0,0,0,0,0,0
25595,26133,0,0.607401284,0,99999,99999,99999,1,0,1,-360,360,0,0,0,0,0,0,0,0
25595,26100,0,0.515095023,0,99999,99999,99999,1,0,1,-360,360,0,0,0,0,0,0,0,0
25595,25675,0,0.610324471,0,99999,99999,99999,1,0,1,-360,360,0,0,0,0,0,0,0,0
25595,25830,0,0.35335436,0,99999,99999,99999,1,0,1,-360,360,0,0,0,0,0,0,0,0
25595,25714,0,0.015229577,0,99999,99999,99999,1,0,1,-360,360,0,0,0,0,0,0,0,0
25595,25618,0,0.264940928,0,99999,99999,99999,1,0,1,-360,360,0,0,0,0,0,0,0,0
25595,25598,0,0.231384456,0,99999,99999,99999,1,0,1,-360,360,0,0,0,0,0,0,0,0
25595,28667,0,1.893096707,0,99999,99999,99999,1,0,1,-360,360,0,0,0,0,0,0,0,0
25595,26116,0,0.613804518,0,99999,99999,99999,1,0,1,-360,360,0,0,0,0,0,0,0,0
25598,28365,0,1.219865073,0,99999,99999,99999,1,0,1,-360,360,0,0,0,0,0,0,0,0
25598,28302,0,0.942267086,0,99999,99999,99999,1,0,1,-360,360,0,0,0,0,0,0,0,0
25598,28401,0,0.964805181,0,99999,99999,99999,1,0,1,-360,360,0,0,0,0,0,0,0,0
25598,28060,0,0.665084749,0,99999,99999,99999,1,0,1,-360,360,0,0,0,0,0,0,0,0
25598,28099,0,0.141209617,0,99999,99999,99999,1,0,1,-360,360,0,0,0,0,0,0,0,0
25598,28078,0,0.229356188,0,99999,99999,99999,1,0,1,-360,360,0,0,0,0,0,0,0,0
25598,25730,0,0.290699484,0,99999,99999,99999,1,0,1,-360,360,0,0,0,0,0,0,0,0
25598,26201,0,0.227388345,0,99999,99999,99999,1,0,1,-360,360,0,0,0,0,0,0,0,0
25598,26163,0,0.235977325,0,99999,99999,99999,1,0,1,-360,360,0,0,0,0,0,0,0,0
25598,26133,0,0.45916842,0,99999,99999,99999,1,0,1,-360,360,0,0,0,0,0,0,0,0
25598,26100,0,0.151503402,0,99999,99999,99999,1,0,1,-360,360,0,0,0,0,0,0,0,0
25598,25675,0,0.127848198,0,99999,99999,99999,1,0,1,-360,360,0,0,0,0,0,0,0,0
25598,25830,0,0.169288332,0,99999,99999,99999,1,0,1,-360,360,0,0,0,0,0,0,0,0
25598,25714,0,0.317583819,0,99999,99999,99999,1,0,1,-360,360,0,0,0,0,0,0,0,0
25598,25618,0,0.194270226,0,99999,99999,99999,1,0,1,-360,360,0,0,0,0,0,0,0,0
25598,26116,0,0.965422615,0,99999,99999,99999,1,0,1,-360,360,0,0,0,0,0,0,0,0
25618,28302,0,1.971737814,0,99999,99999,99999,1,0,1,-360,360,0,0,0,0,0,0,0,0
25618,28401,0,1.81359018,0,99999,99999,99999,1,0,1,-360,360,0,0,0,0,0,0,0,0
25618,28099,0,0.543438203,0,99999,99999,99999,1,0,1,-360,360,0,0,0,0,0,0,0,0
25618,28078,0,1.356727033,0,99999,99999,99999,1,0,1,-360,360,0,0,0,0,0,0,0,0
25618,25730,0,0.889513026,0,99999,99999,99999,1,0,1,-360,360,0,0,0,0,0,0,0,0
25618,26201,0,0.3679783,0,99999,99999,99999,1,0,1,-360,360,0,0,0,0,0,0,0,0
25618,26163,0,0.420686986,0,99999,99999,99999,1,0,1,-360,360,0,0,0,0,0,0,0,0
25618,26133,0,0.823784737,0,99999,99999,99999,1,0,1,-360,360,0,0,0,0,0,0,0,0
25618,26100,0,1.021117071,0,99999,99999,99999,1,0,1,-360,360,0,0,0,0,0,0,0,0
25618,25675,0,0.962871436,0,99999,99999,99999,1,0,1,-360,360,0,0,0,0,0,0,0,0
25618,25830,0,0.46485459,0,99999,99999,99999,1,0,1,-360,360,0,0,0,0,0,0,0,0
25618,25714,0,0.255203939,0,99999,99999,99999,1,0,1,-360,360,0,0,0,0,0,0,0,0
25618,26116,0,1.095250924,0,99999,99999,99999,1,0,1,-360,360,0,0,0,0,0,0,0,0
25675,28302,0,1.87125206,0,99999,99999,99999,1,0,1,-360,360,0,0,0,0,0,0,0,0
25675,28401,0,1.893945607,0,99999,99999,99999,1,0,1,-360,360,0,0,0,0,0,0,0,0
25675,28060,0,1.652257711,0,99999,99999,99999,1,0,1,-360,360,0,0,0,0,0,0,0,0
25675,28099,0,0.265413384,0,99999,99999,99999,1,0,1,-360,360,0,0,0,0,0,0,0,0
25675,28078,0,0.648740305,0,99999,99999,99999,1,0,1,-360,360,0,0,0,0,0,0,0,0
25675,25730,0,0.444077479,0,99999,99999,99999,1,0,1,-360,360,0,0,0,0,0,0,0,0
25675,26201,0,0.874544143,0,99999,99999,99999,1,0,1,-360,360,0,0,0,0,0,0,0,0
25675,26163,0,0.924457575,0,99999,99999,99999,1,0,1,-360,360,0,0,0,0,0,0,0,0
25675,26133,0,1.827288904,0,99999,99999,99999,1,0,1,-360,360,0,0,0,0,0,0,0,0
25675,26100,0,0.478394396,0,99999,99999,99999,1,0,1,-360,360,0,0,0,0,0,0,0,0
25675,25830,0,0.742582014,0,99999,99999,99999,1,0,1,-360,360,0,0,0,0,0,0,0,0
25675,25714,0,0.804458399,0,99999,99999,99999,1,0,1,-360,360,0,0,0,0,0,0,0,0
25714,28302,0,0.522108318,0,99999,99999,99999,1,0,1,-360,360,0,0,0,0,0,0,0,0
25714,28401,0,0.44467803,0,99999,99999,99999,1,0,1,-360,360,0,0,0,0,0,0,0,0
25714,28060,0,1.492173628,0,99999,99999,99999,1,0,1,-360,360,0,0,0,0,0,0,0,0
25714,28099,0,0.220184904,0,99999,99999,99999,1,0,1,-360,360,0,0,0,0,0,0,0,0
25714,28078,0,0.708819885,0,99999,99999,99999,1,0,1,-360,360,0,0,0,0,0,0,0,0
25714,25730,0,0.450109648,0,99999,99999,99999,1,0,1,-360,360,0,0,0,0,0,0,0,0
25714,26201,0,0.385362777,0,99999,99999,99999,1,0,1,-360,360,0,0,0,0,0,0,0,0
25714,26163,0,0.433216521,0,99999,99999,99999,1,0,1,-360,360,0,0,0,0,0,0,0,0
25714,26133,0,0.863568555,0,99999,99999,99999,1,0,1,-360,360,0,0,0,0,0,0,0,0
25714,26100,0,0.6400762,0,99999,99999,99999,1,0,1,-360,360,0,0,0,0,0,0,0,0
25714,25830,0,0.515305819,0,99999,99999,99999,1,0,1,-360,360,0,0,0,0,0,0,0,0
25714,28667,0,1.655085668,0,99999,99999,99999,1,0,1,-360,360,0,0,0,0,0,0,0,0
25714,30374,0,2.074297386,0,99999,99999,99999,1,0,1,-360,360,0,0,0,0,0,0,0,0
25714,26116,0,0.735164824,0,99999,99999,99999,1,0,1,-360,360,0,0,0,0,0,0,0,0
25730,28365,0,1.731009689,0,99999,99999,99999,1,0,1,-360,360,0,0,0,0,0,0,0,0
25730,28302,0,0.871049533,0,99999,99999,99999,1,0,1,-360,360,0,0,0,0,0,0,0,0
25730,28401,0,0.845942983,0,99999,99999,99999,1,0,1,-360,360,0,0,0,0,0,0,0,0
25730,28122,0,1.30911456,0,99999,99999,99999,1,0,1,-360,360,0,0,0,0,0,0,0,0
25730,28060,0,0.579978393,0,99999,99999,99999,1,0,1,-360,360,0,0,0,0,0,0,0,0
25730,28099,0,0.110940018,0,99999,99999,99999,1,0,1,-360,360,0,0,0,0,0,0,0,0
25730,28078,0,0.257618466,0,99999,99999,99999,1,0,1,-360,360,0,0,0,0,0,0,0,0
25730,26201,0,0.719103389,0,99999,99999,99999,1,0,1,-360,360,0,0,0,0,0,0,0,0
25730,26163,0,0.760920628,0,99999,99999,99999,1,0,1,-360,360,0,0,0,0,0,0,0,0
25730,26133,0,1.505140873,0,99999,99999,99999,1,0,1,-360,360,0,0,0,0,0,0,0,0
25730,26100,0,0.228466468,0,99999,99999,99999,1,0,1,-360,360,0,0,0,0,0,0,0,0
25730,25830,0,0.566053478,0,99999,99999,99999,1,0,1,-360,360,0,0,0,0,0,0,0,0
25830,28365,0,1.980483907,0,99999,99999,99999,1,0,1,-360,360,0,0,0,0,0,0,0,0
25830,28302,0,1.251306728,0,99999,99999,99999,1,0,1,-360,360,0,0,0,0,0,0,0,0
25830,28401,0,1.289569744,0,99999,99999,99999,1,0,1,-360,360,0,0,0,0,0,0,0,0
25830,28060,0,0.97492062,0,99999,99999,99999,1,0,1,-360,360,0,0,0,0,0,0,0,0
25830,28099,0,0.196096307,0,99999,99999,99999,1,0,1,-360,360,0,0,0,0,0,0,0,0
25830,28078,0,0.17325838,0,99999,99999,99999,1,0,1,-360,360,0,0,0,0,0,0,0,0
25830,26201,0,0.164218007,0,99999,99999,99999,1,0,1,-360,360,0,0,0,0,0,0,0,0
25830,26163,0,0.073632614,0,99999,99999,99999,1,0,1,-360,360,0,0,0,0,0,0,0,0
25830,26133,0,0.130845184,0,99999,99999,99999,1,0,1,-360,360,0,0,0,0,0,0,0,0
25830,26100,0,0.102696563,0,99999,99999,99999,1,0,1,-360,360,0,0,0,0,0,0,0,0
25830,26116,0,0.908307278,0,99999,99999,99999,1,0,1,-360,360,0,0,0,0,0,0,0,0
26100,28474,0,1.464394218,0,99999,99999,99999,1,0,1,-360,360,0,0,0,0,0,0,0,0
26100,28365,0,0.730556697,0,99999,99999,99999,1,0,1,-360,360,0,0,0,0,0,0,0,0
26100,28302,0,0.899914329,0,99999,99999,99999,1,0,1,-360,360,0,0,0,0,0,0,0,0
26100,28401,0,0.977573941,0,99999,99999,99999,1,0,1,-360,360,0,0,0,0,0,0,0,0
26100,28122,0,1.370385176,0,99999,99999,99999,1,0,1,-360,360,0,0,0,0,0,0,0,0
26100,28060,0,0.294823537,0,99999,99999,99999,1,0,1,-360,360,0,0,0,0,0,0,0,0
26100,28099,0,0.056570505,0,99999,99999,99999,1,0,1,-360,360,0,0,0,0,0,0,0,0
26100,28078,0,0.052562033,0,99999,99999,99999,1,0,1,-360,360,0,0,0,0,0,0,0,0
26100,26201,0,0.611980409,0,99999,99999,99999,1,0,1,-360,360,0,0,0,0,0,0,0,0
26100,26163,0,0.425993758,0,99999,99999,99999,1,0,1,-360,360,0,0,0,0,0,0,0,0
26100,26133,0,0.78884237,0,99999,99999,99999,1,0,1,-360,360,0,0,0,0,0,0,0,0
26100,28667,0,2.030508617,0,99999,99999,99999,1,0,1,-360,360,0,0,0,0,0,0,0,0
26116,28099,0,1.265688398,0,99999,99999,99999,1,0,1,-360,360,0,0,0,0,0,0,0,0
26116,26201,0,0.550947107,0,99999,99999,99999,1,0,1,-360,360,0,0,0,0,0,0,0,0
26116,26163,0,0.581509071,0,99999,99999,99999,1,0,1,-360,360,0,0,0,0,0,0,0,0
26116,26133,0,1.158316321,0,99999,99999,99999,1,0,1,-360,360,0,0,0,0,0,0,0,0
26133,28302,0,1.993913779,0,99999,99999,99999,1,0,1,-360,360,0,0,0,0,0,0,0,0
26133,28401,0,2.031134531,0,99999,99999,99999,1,0,1,-360,360,0,0,0,0,0,0,0,0
26133,28099,0,0.680643974,0,99999,99999,99999,1,0,1,-360,360,0,0,0,0,0,0,0,0
26133,28078,0,1.176675386,0,99999,99999,99999,1,0,1,-360,360,0,0,0,0,0,0,0,0
26133,26201,0,0.182077332,0,99999,99999,99999,1,0,1,-360,360,0,0,0,0,0,0,0,0
26133,26163,0,0.035558776,0,99999,99999,99999,1,0,1,-360,360,0,0,0,0,0,0,0,0
26163,28302,0,0.981807646,0,99999,99999,99999,1,0,1,-360,360,0,0,0,0,0,0,0,0
26163,28401,0,1.00143209,0,99999,99999,99999,1,0,1,-360,360,0,0,0,0,0,0,0,0
26163,28060,0,2.085613357,0,99999,99999,99999,1,0,1,-360,360,0,0,0,0,0,0,0,0
26163,28099,0,0.346350558,0,99999,99999,99999,1,0,1,-360,360,0,0,0,0,0,0,0,0
26163,28078,0,0.627250869,0,99999,99999,99999,1,0,1,-360,360,0,0,0,0,0,0,0,0
26163,26201,0,0.089668633,0,99999,99999,99999,1,0,1,-360,360,0,0,0,0,0,0,0,0
26163,30001,0,1.785045814,0,99999,99999,99999,1,0,1,-360,360,0,0,0,0,0,0,0,0
26201,28302,0,0.835491565,0,99999,99999,99999,1,0,1,-360,360,0,0,0,0,0,0,0,0
26201,28401,0,0.854913128,0,99999,99999,99999,1,0,1,-360,360,0,0,0,0,0,0,0,0
26201,28099,0,0.340549307,0,99999,99999,99999,1,0,1,-360,360,0,0,0,0,0,0,0,0
26201,28078,0,0.817121942,0,99999,99999,99999,1,0,1,-360,360,0,0,0,0,0,0,0,0
28060,28549,0,1.322344188,0,99999,99999,99999,1,0,1,-360,360,0,0,0,0,0,0,0,0
28060,28474,0,0.887909328,0,99999,99999,99999,1,0,1,-360,360,0,0,0,0,0,0,0,0
28060,28365,0,0.337310158,0,99999,99999,99999,1,0,1,-360,360,0,0,0,0,0,0,0,0
28060,28302,0,0.694358564,0,99999,99999,99999,1,0,1,-360,360,0,0,0,0,0,0,0,0
28060,28401,0,0.949706667,0,99999,99999,99999,1,0,1,-360,360,0,0,0,0,0,0,0,0
28060,28122,0,1.425997569,0,99999,99999,99999,1,0,1,-360,360,0,0,0,0,0,0,0,0
28060,28099,0,0.043091709,0,99999,99999,99999,1,0,1,-360,360,0,0,0,0,0,0,0,0
28060,28078,0,0.037429429,0,99999,99999,99999,1,0,1,-360,360,0,0,0,0,0,0,0,0
28060,28667,0,1.455189198,0,99999,99999,99999,1,0,1,-360,360,0,0,0,0,0,0,0,0
28078,28474,0,1.775518078,0,99999,99999,99999,1,0,1,-360,360,0,0,0,0,0,0,0,0
28078,28365,0,0.923741039,0,99999,99999,99999,1,0,1,-360,360,0,0,0,0,0,0,0,0
28078,28302,0,0.895195311,0,99999,99999,99999,1,0,1,-360,360,0,0,0,0,0,0,0,0
28078,28401,0,0.978041337,0,99999,99999,99999,1,0,1,-360,360,0,0,0,0,0,0,0,0
28078,28122,0,0.901162519,0,99999,99999,99999,1,0,1,-360,360,0,0,0,0,0,0,0,0
28078,28099,0,0.012067732,0,99999,99999,99999,1,0,1,-360,360,0,0,0,0,0,0,0,0
28099,28549,0,1.05414397,0,99999,99999,99999,1,0,1,-360,360,0,0,0,0,0,0,0,0
28099,28474,0,0.714921571,0,99999,99999,99999,1,0,1,-360,360,0,0,0,0,0,0,0,0
28099,28365,0,0.410195924,0,99999,99999,99999,1,0,1,-360,360,0,0,0,0,0,0,0,0
28099,28302,0,0.285885295,0,99999,99999,99999,1,0,1,-360,360,0,0,0,0,0,0,0,0
28099,28401,0,0.313249542,0,99999,99999,99999,1,0,1,-360,360,0,0,0,0,0,0,0,0
28099,28122,0,0.344791236,0,99999,99999,99999,1,0,1,-360,360,0,0,0,0,0,0,0,0
28099,40917,0,2.119679828,0,99999,99999,99999,1,0,1,-360,360,0,0,0,0,0,0,0,0
28099,28667,0,0.742901543,0,99999,99999,99999,1,0,1,-360,360,0,0,0,0,0,0,0,0
28099,30374,0,1.654060546,0,99999,99999,99999,1,0,1,-360,360,0,0,0,0,0,0,0,0
28302,28549,0,0.90807736,0,99999,99999,99999,1,0,1,-360,360,0,0,0,0,0,0,0,0
28302,28474,0,0.624251478,0,99999,99999,99999,1,0,1,-360,360,0,0,0,0,0,0,0,0
28302,28365,0,0.615846735,0,99999,99999,99999,1,0,1,-360,360,0,0,0,0,0,0,0,0
28302,28401,0,0.044161801,0,99999,99999,99999,1,0,1,-360,360,0,0,0,0,0,0,0,0
28302,40917,0,1.283664453,0,99999,99999,99999,1,0,1,-360,360,0,0,0,0,0,0,0,0
28302,40004,0,1.846185687,0,99999,99999,99999,1,0,1,-360,360,0,0,0,0,0,0,0,0
28302,30220,0,1.44523045,0,99999,99999,99999,1,0,1,-360,360,0,0,0,0,0,0,0,0
28302,30207,0,1.883892094,0,99999,99999,99999,1,0,1,-360,360,0,0,0,0,0,0,0,0
28302,30124,0,1.788659752,0,99999,99999,99999,1,0,1,-360,360,0,0,0,0,0,0,0,0
28302,28667,0,0.340869238,0,99999,99999,99999,1,0,1,-360,360,0,0,0,0,0,0,0,0
28302,30374,0,0.891457679,0,99999,99999,99999,1,0,1,-360,360,0,0,0,0,0,0,0,0
28365,28549,0,0.104774357,0,99999,99999,99999,1,0,1,-360,360,0,0,0,0,0,0,0,0
28365,28474,0,0.06581185,0,99999,99999,99999,1,0,1,-360,360,0,0,0,0,0,0,0,0
28365,28401,0,0.82455043,0,99999,99999,99999,1,0,1,-360,360,0,0,0,0,0,0,0,0
28365,40994,0,1.866138234,0,99999,99999,99999,1,0,1,-360,360,0,0,0,0,0,0,0,0
28365,40917,0,0.627518628,0,99999,99999,99999,1,0,1,-360,360,0,0,0,0,0,0,0,0
28365,40004,0,0.741859244,0,99999,99999,99999,1,0,1,-360,360,0,0,0,0,0,0,0,0
28365,28667,0,0.405097654,0,99999,99999,99999,1,0,1,-360,360,0,0,0,0,0,0,0,0
28365,40844,0,1.4317607,0,99999,99999,99999,1,0,1,-360,360,0,0,0,0,0,0,0,0
28401,28549,0,1.185249108,0,99999,99999,99999,1,0,1,-360,360,0,0,0,0,0,0,0,0
28401,28474,0,0.816163491,0,99999,99999,99999,1,0,1,-360,360,0,0,0,0,0,0,0,0
28401,40917,0,1.617934369,0,99999,99999,99999,1,0,1,-360,360,0,0,0,0,0,0,0,0
28401,30220,0,1.176331835,0,99999,99999,99999,1,0,1,-360,360,0,0,0,0,0,0,0,0
28401,30207,0,1.544874977,0,99999,99999,99999,1,0,1,-360,360,0,0,0,0,0,0,0,0
28401,30124,0,1.422484702,0,99999,99999,99999,1,0,1,-360,360,0,0,0,0,0,0,0,0
28401,28667,0,0.479249627,0,99999,99999,99999,1,0,1,-360,360,0,0,0,0,0,0,0,0
28401,30374,0,0.730587923,0,99999,99999,99999,1,0,1,-360,360,0,0,0,0,0,0,0,0
28474,28549,0,0.02028724,0,99999,99999,99999,1,0,1,-360,360,0,0,0,0,0,0,0,0
28474,40994,0,1.060870732,0,99999,99999,99999,1,0,1,-360,360,0,0,0,0,0,0,0,0
28474,40961,0,1.684076092,0,99999,99999,99999,1,0,1,-360,360,0,0,0,0,0,0,0,0
28474,40917,0,0.370079171,0,99999,99999,99999,1,0,1,-360,360,0,0,0,0,0,0,0,0
28474,40168,0,1.662312032,0,99999,99999,99999,1,0,1,-360,360,0,0,0,0,0,0,0,0
28474,40008,0,1.494652753,0,99999,99999,99999,1,0,1,-360,360,0,0,0,0,0,0,0,0
28474,40004,0,0.399963078,0,99999,99999,99999,1,0,1,-360,360,0,0,0,0,0,0,0,0
28474,40299,0,2.090766453,0,99999,99999,99999,1,0,1,-360,360,0,0,0,0,0,0,0,0
28474,28667,0,0.290146447,0,99999,99999,99999,1,0,1,-360,360,0,0,0,0,0,0,0,0
28474,40844,0,0.836420247,0,99999,99999,99999,1,0,1,-360,360,0,0,0,0,0,0,0,0
28549,40994,0,1.414037405,0,99999,99999,99999,1,0,1,-360,360,0,0,0,0,0,0,0,0
28549,40917,0,0.498686644,0,99999,99999,99999,1,0,1,-360,360,0,0,0,0,0,0,0,0
28549,40008,0,2.102797899,0,99999,99999,99999,1,0,1,-360,360,0,0,0,0,0,0,0,0
28549,40004,0,0.525999583,0,99999,99999,99999,1,0,1,-360,360,0,0,0,0,0,0,0,0
28549,28667,0,0.413498479,0,99999,99999,99999,1,0,1,-360,360,0,0,0,0,0,0,0,0
28549,40844,0,1.12384527,0,99999,99999,99999,1,0,1,-360,360,0,0,0,0,0,0,0,0
28667,40917,0,0.858017052,0,99999,99999,99999,1,0,1,-360,360,0,0,0,0,0,0,0,0
28667,40004,0,0.929974515,0,99999,99999,99999,1,0,1,-360,360,0,0,0,0,0,0,0,0
28667,40844,0,1.963114991,0,99999,99999,99999,1,0,1,-360,360,0,0,0,0,0,0,0,0
30001,74104,0,2.041819006,0,99999,99999,99999,1,0,1,-360,360,0,0,0,0,0,0,0,0
30124,40787,0,0.636242307,0,99999,99999,99999,1,0,1,-360,360,0,0,0,0,0,0,0,0
30124,40008,0,1.635817359,0,99999,99999,99999,1,0,1,-360,360,0,0,0,0,0,0,0,0
30124,30221,0,0.461367044,0,99999,99999,99999,1,0,1,-360,360,0,0,0,0,0,0,0,0
30124,30174,0,0.07115248,0,99999,99999,99999,1,0,1,-360,360,0,0,0,0,0,0,0,0
30124,30146,0,0.218687257,0,99999,99999,99999,1,0,1,-360,360,0,0,0,0,0,0,0,0
30124,30172,0,0.048383488,0,99999,99999,99999,1,0,1,-360,360,0,0,0,0,0,0,0,0
30124,30182,0,0.239859964,0,99999,99999,99999,1,0,1,-360,360,0,0,0,0,0,0,0,0
30124,30205,0,0.247552264,0,99999,99999,99999,1,0,1,-360,360,0,0,0,0,0,0,0,0
30124,30220,0,0.079716426,0,99999,99999,99999,1,0,1,-360,360,0,0,0,0,0,0,0,0
30124,30207,0,0.071088642,0,99999,99999,99999,1,0,1,-360,360,0,0,0,0,0,0,0,0
30124,30374,0,0.140786188,0,99999,99999,99999,1,0,1,-360,360,0,0,0,0,0,0,0,0
30144,30172,0,0.033957109,0,99999,99999,99999,1,0,1,-360,360,0,0,0,0,0,0,0,0
30146,40787,0,1.109251494,0,99999,99999,99999,1,0,1,-360,360,0,0,0,0,0,0,0,0
30146,30221,0,0.06408299,0,99999,99999,99999,1,0,1,-360,360,0,0,0,0,0,0,0,0
30146,30174,0,0.132986747,0,99999,99999,99999,1,0,1,-360,360,0,0,0,0,0,0,0,0
30146,30172,0,0.077453379,0,99999,99999,99999,1,0,1,-360,360,0,0,0,0,0,0,0,0
30146,30182,0,0.513854408,0,99999,99999,99999,1,0,1,-360,360,0,0,0,0,0,0,0,0
30146,30205,0,0.228459821,0,99999,99999,99999,1,0,1,-360,360,0,0,0,0,0,0,0,0
30146,30220,0,0.121084846,0,99999,99999,99999,1,0,1,-360,360,0,0,0,0,0,0,0,0
30146,30207,0,0.099154905,0,99999,99999,99999,1,0,1,-360,360,0,0,0,0,0,0,0,0
30146,30374,0,0.172208226,0,99999,99999,99999,1,0,1,-360,360,0,0,0,0,0,0,0,0
30172,40787,0,0.546288954,0,99999,99999,99999,1,0,1,-360,360,0,0,0,0,0,0,0,0
30172,30221,0,0.029622447,0,99999,99999,99999,1,0,1,-360,360,0,0,0,0,0,0,0,0
30172,30174,0,0.083167132,0,99999,99999,99999,1,0,1,-360,360,0,0,0,0,0,0,0,0
30172,30182,0,0.607025661,0,99999,99999,99999,1,0,1,-360,360,0,0,0,0,0,0,0,0
30172,30205,0,0.231593627,0,99999,99999,99999,1,0,1,-360,360,0,0,0,0,0,0,0,0
30172,30220,0,0.132500383,0,99999,99999,99999,1,0,1,-360,360,0,0,0,0,0,0,0,0
30172,30207,0,0.173707147,0,99999,99999,99999,1,0,1,-360,360,0,0,0,0,0,0,0,0
30172,30374,0,0.053498638,0,99999,99999,99999,1,0,1,-360,360,0,0,0,0,0,0,0,0
30174,40787,0,0.734152511,0,99999,99999,99999,1,0,1,-360,360,0,0,0,0,0,0,0,0
30174,30221,0,0.033292023,0,99999,99999,99999,1,0,1,-360,360,0,0,0,0,0,0,0,0
30174,30182,0,0.28297895,0,99999,99999,99999,1,0,1,-360,360,0,0,0,0,0,0,0,0
30174,30205,0,0.260597608,0,99999,99999,99999,1,0,1,-360,360,0,0,0,0,0,0,0,0
30174,30220,0,0.082514367,0,99999,99999,99999,1,0,1,-360,360,0,0,0,0,0,0,0,0
30174,30207,0,0.086612722,0,99999,99999,99999,1,0,1,-360,360,0,0,0,0,0,0,0,0
30174,30374,0,0.144138896,0,99999,99999,99999,1,0,1,-360,360,0,0,0,0,0,0,0,0
30182,40787,0,1.220750077,0,99999,99999,99999,1,0,1,-360,360,0,0,0,0,0,0,0,0
30182,40008,0,1.466582015,0,99999,99999,99999,1,0,1,-360,360,0,0,0,0,0,0,0,0
30182,30221,0,1.476023707,0,99999,99999,99999,1,0,1,-360,360,0,0,0,0,0,0,0,0
30182,30205,0,0.287859403,0,99999,99999,99999,1,0,1,-360,360,0,0,0,0,0,0,0,0
30182,30220,0,0.086649812,0,99999,99999,99999,1,0,1,-360,360,0,0,0,0,0,0,0,0
30182,30207,0,0.031041251,0,99999,99999,99999,1,0,1,-360,360,0,0,0,0,0,0,0,0
30182,30374,0,0.317438672,0,99999,99999,99999,1,0,1,-360,360,0,0,0,0,0,0,0,0
30205,50000,0,1.569449268,0,99999,99999,99999,1,0,1,-360,360,0,0,0,0,0,0,0,0
30205,40787,0,1.437452973,0,99999,99999,99999,1,0,1,-360,360,0,0,0,0,0,0,0,0
30205,30221,0,0.031563147,0,99999,99999,99999,1,0,1,-360,360,0,0,0,0,0,0,0,0
30205,30220,0,0.085025266,0,99999,99999,99999,1,0,1,-360,360,0,0,0,0,0,0,0,0
30205,30207,0,0.051617427,0,99999,99999,99999,1,0,1,-360,360,0,0,0,0,0,0,0,0
30205,30374,0,0.279798468,0,99999,99999,99999,1,0,1,-360,360,0,0,0,0,0,0,0,0
30207,50385,0,1.921318243,0,99999,99999,99999,1,0,1,-360,360,0,0,0,0,0,0,0,0
30207,50000,0,1.314865907,0,99999,99999,99999,1,0,1,-360,360,0,0,0,0,0,0,0,0
30207,40787,0,0.447607167,0,99999,99999,99999,1,0,1,-360,360,0,0,0,0,0,0,0,0
30207,40008,0,0.993628804,0,99999,99999,99999,1,0,1,-360,360,0,0,0,0,0,0,0,0
30207,30221,0,0.409613084,0,99999,99999,99999,1,0,1,-360,360,0,0,0,0,0,0,0,0
30207,30220,0,0.033897319,0,99999,99999,99999,1,0,1,-360,360,0,0,0,0,0,0,0,0
30207,30374,0,0.102655222,0,99999,99999,99999,1,0,1,-360,360,0,0,0,0,0,0,0,0
30220,50385,0,1.936329235,0,99999,99999,99999,1,0,1,-360,360,0,0,0,0,0,0,0,0
30220,40787,0,0.31681682,0,99999,99999,99999,1,0,1,-360,360,0,0,0,0,0,0,0,0
30220,40008,0,1.414510285,0,99999,99999,99999,1,0,1,-360,360,0,0,0,0,0,0,0,0
30220,30221,0,0.340831459,0,99999,99999,99999,1,0,1,-360,360,0,0,0,0,0,0,0,0
30220,30374,0,0.069057954,0,99999,99999,99999,1,0,1,-360,360,0,0,0,0,0,0,0,0
30221,50385,0,1.428571138,0,99999,99999,99999,1,0,1,-360,360,0,0,0,0,0,0,0,0
30221,50024,0,1.46417106,0,99999,99999,99999,1,0,1,-360,360,0,0,0,0,0,0,0,0
30221,40787,0,1.013867072,0,99999,99999,99999,1,0,1,-360,360,0,0,0,0,0,0,0,0
30221,30374,0,0.143375665,0,99999,99999,99999,1,0,1,-360,360,0,0,0,0,0,0,0,0
30374,50385,0,1.277606483,0,99999,99999,99999,1,0,1,-360,360,0,0,0,0,0,0,0,0
30374,40787,0,0.163087204,0,99999,99999,99999,1,0,1,-360,360,0,0,0,0,0,0,0,0
30374,40008,0,1.293951684,0,99999,99999,99999,1,0,1,-360,360,0,0,0,0,0,0,0,0
40001,40003,0,0.146013167,0,99999,99999,99999,1,0,1,-360,360,0,0,0,0,0,0,0,0
40001,40004,0,0.039927769,0,99999,99999,99999,1,0,1,-360,360,0,0,0,0,0,0,0,0
40003,40917,0,1.845590227,0,99999,99999,99999,1,0,1,-360,360,0,0,0,0,0,0,0,0
40003,40004,0,0.018466014,0,99999,99999,99999,1,0,1,-360,360,0,0,0,0,0,0,0,0
40003,40050,0,1.035895227,0,99999,99999,99999,1,0,1,-360,360,0,0,0,0,0,0,0,0
40004,40994,0,0.792316355,0,99999,99999,99999,1,0,1,-360,360,0,0,0,0,0,0,0,0
40004,40961,0,1.593663548,0,99999,99999,99999,1,0,1,-360,360,0,0,0,0,0,0,0,0
40004,40917,0,0.392351982,0,99999,99999,99999,1,0,1,-360,360,0,0,0,0,0,0,0,0
40004,40168,0,1.39729401,0,99999,99999,99999,1,0,1,-360,360,0,0,0,0,0,0,0,0
40004,40299,0,1.721901787,0,99999,99999,99999,1,0,1,-360,360,0,0,0,0,0,0,0,0
40004,40844,0,0.792945935,0,99999,99999,99999,1,0,1,-360,360,0,0,0,0,0,0,0,0
40006,40008,0,0.059318834,0,99999,99999,99999,1,0,1,-360,360,0,0,0,0,0,0,0,0
40008,40917,0,1.590857787,0,99999,99999,99999,1,0,1,-360,360,0,0,0,0,0,0,0,0
40008,40787,0,1.542477446,0,99999,99999,99999,1,0,1,-360,360,0,0,0,0,0,0,0,0
40050,40994,0,1.894545559,0,99999,99999,99999,1,0,1,-360,360,0,0,0,0,0,0,0,0
40050,40917,0,2.059641301,0,99999,99999,99999,1,0,1,-360,360,0,0,0,0,0,0,0,0
40145,40994,0,0.181996467,0,99999,99999,99999,1,0,1,-360,360,0,0,0,0,0,0,0,0
40145,40961,0,0.837865814,0,99999,99999,99999,1,0,1,-360,360,0,0,0,0,0,0,0,0
40145,40917,0,0.489561641,0,99999,99999,99999,1,0,1,-360,360,0,0,0,0,0,0,0,0
40145,40367,0,1.754624667,0,99999,99999,99999,1,0,1,-360,360,0,0,0,0,0,0,0,0
40145,40369,0,1.820447732,0,99999,99999,99999,1,0,1,-360,360,0,0,0,0,0,0,0,0
40145,40160,0,0.176968835,0,99999,99999,99999,1,0,1,-360,360,0,0,0,0,0,0,0,0
40145,40168,0,0.083398569,0,99999,99999,99999,1,0,1,-360,360,0,0,0,0,0,0,0,0
40145,40169,0,0.170105422,0,99999,99999,99999,1,0,1,-360,360,0,0,0,0,0,0,0,0
40145,40310,0,1.356505625,0,99999,99999,99999,1,0,1,-360,360,0,0,0,0,0,0,0,0
40145,40299,0,0.425627866,0,99999,99999,99999,1,0,1,-360,360,0,0,0,0,0,0,0,0
40145,40281,0,1.121675731,0,99999,99999,99999,1,0,1,-360,360,0,0,0,0,0,0,0,0
40145,40279,0,0.621554686,0,99999,99999,99999,1,0,1,-360,360,0,0,0,0,0,0,0,0
40145,40162,0,0.039240179,0,99999,99999,99999,1,0,1,-360,360,0,0,0,0,0,0,0,0
40145,40844,0,0.390313537,0,99999,99999,99999,1,0,1,-360,360,0,0,0,0,0,0,0,0
40160,40994,0,0.196839059,0,99999,99999,99999,1,0,1,-360,360,0,0,0,0,0,0,0,0
40160,40961,0,0.711641872,0,99999,99999,99999,1,0,1,-360,360,0,0,0,0,0,0,0,0
40160,40917,0,0.453101388,0,99999,99999,99999,1,0,1,-360,360,0,0,0,0,0,0,0,0
40160,40367,0,1.08717071,0,99999,99999,99999,1,0,1,-360,360,0,0,0,0,0,0,0,0
40160,40369,0,1.185406021,0,99999,99999,99999,1,0,1,-360,360,0,0,0,0,0,0,0,0
40160,40829,0,1.72812949,0,99999,99999,99999,1,0,1,-360,360,0,0,0,0,0,0,0,0
40160,40168,0,0.016630421,0,99999,99999,99999,1,0,1,-360,360,0,0,0,0,0,0,0,0
40160,40169,0,0.102807741,0,99999,99999,99999,1,0,1,-360,360,0,0,0,0,0,0,0,0
40160,40310,0,0.679153865,0,99999,99999,99999,1,0,1,-360,360,0,0,0,0,0,0,0,0
40160,40309,0,1.561973311,0,99999,99999,99999,1,0,1,-360,360,0,0,0,0,0,0,0,0
40160,40299,0,0.257846598,0,99999,99999,99999,1,0,1,-360,360,0,0,0,0,0,0,0,0
40160,40281,0,0.508104007,0,99999,99999,99999,1,0,1,-360,360,0,0,0,0,0,0,0,0
40160,40279,0,0.142222733,0,99999,99999,99999,1,0,1,-360,360,0,0,0,0,0,0,0,0
40160,40162,0,0.164090914,0,99999,99999,99999,1,0,1,-360,360,0,0,0,0,0,0,0,0
40160,40844,0,0.361548486,0,99999,99999,99999,1,0,1,-360,360,0,0,0,0,0,0,0,0
40162,40994,0,0.272944639,0,99999,99999,99999,1,0,1,-360,360,0,0,0,0,0,0,0,0
40162,40961,0,0.842244244,0,99999,99999,99999,1,0,1,-360,360,0,0,0,0,0,0,0,0
40162,40917,0,0.552069006,0,99999,99999,99999,1,0,1,-360,360,0,0,0,0,0,0,0,0
40162,40367,0,1.146107882,0,99999,99999,99999,1,0,1,-360,360,0,0,0,0,0,0,0,0
40162,40369,0,1.288128817,0,99999,99999,99999,1,0,1,-360,360,0,0,0,0,0,0,0,0
40162,40829,0,1.968606088,0,99999,99999,99999,1,0,1,-360,360,0,0,0,0,0,0,0,0
40162,40168,0,0.06701791,0,99999,99999,99999,1,0,1,-360,360,0,0,0,0,0,0,0,0
40162,40169,0,0.488632076,0,99999,99999,99999,1,0,1,-360,360,0,0,0,0,0,0,0,0
40162,40787,0,1.60072303,0,99999,99999,99999,1,0,1,-360,360,0,0,0,0,0,0,0,0
40162,40310,0,0.618977788,0,99999,99999,99999,1,0,1,-360,360,0,0,0,0,0,0,0,0
40162,40309,0,1.263498486,0,99999,99999,99999,1,0,1,-360,360,0,0,0,0,0,0,0,0
40162,40299,0,0.261742668,0,99999,99999,99999,1,0,1,-360,360,0,0,0,0,0,0,0,0
40162,40281,0,0.412008596,0,99999,99999,99999,1,0,1,-360,360,0,0,0,0,0,0,0,0
40162,40279,0,0.14334832,0,99999,99999,99999,1,0,1,-360,360,0,0,0,0,0,0,0,0
40162,40844,0,0.447730378,0,99999,99999,99999,1,0,1,-360,360,0,0,0,0,0,0,0,0
40168,40994,0,0.064801435,0,99999,99999,99999,1,0,1,-360,360,0,0,0,0,0,0,0,0
40168,40518,0,0.660260878,0,99999,99999,99999,1,0,1,-360,360,0,0,0,0,0,0,0,0
40168,40961,0,0.209803589,0,99999,99999,99999,1,0,1,-360,360,0,0,0,0,0,0,0,0
40168,40917,0,0.138355845,0,99999,99999,99999,1,0,1,-360,360,0,0,0,0,0,0,0,0
40168,40391,0,0.609960126,0,99999,99999,99999,1,0,1,-360,360,0,0,0,0,0,0,0,0
40168,40367,0,0.285730995,0,99999,99999,99999,1,0,1,-360,360,0,0,0,0,0,0,0,0
40168,40369,0,0.315138004,0,99999,99999,99999,1,0,1,-360,360,0,0,0,0,0,0,0,0
40168,40881,0,0.745896233,0,99999,99999,99999,1,0,1,-360,360,0,0,0,0,0,0,0,0
40168,40535,0,1.15771134,0,99999,99999,99999,1,0,1,-360,360,0,0,0,0,0,0,0,0
40168,40519,0,1.772961881,0,99999,99999,99999,1,0,1,-360,360,0,0,0,0,0,0,0,0
40168,40829,0,0.485974982,0,99999,99999,99999,1,0,1,-360,360,0,0,0,0,0,0,0,0
40168,40169,0,0.011285571,0,99999,99999,99999,1,0,1,-360,360,0,0,0,0,0,0,0,0
40168,40787,0,0.926699052,0,99999,99999,99999,1,0,1,-360,360,0,0,0,0,0,0,0,0
40168,40310,0,0.169636944,0,99999,99999,99999,1,0,1,-360,360,0,0,0,0,0,0,0,0
40168,40309,0,0.414104678,0,99999,99999,99999,1,0,1,-360,360,0,0,0,0,0,0,0,0
40168,40299,0,0.064543987,0,99999,99999,99999,1,0,1,-360,360,0,0,0,0,0,0,0,0
40168,40281,0,0.128845956,0,99999,99999,99999,1,0,1,-360,360,0,0,0,0,0,0,0,0
40168,40279,0,0.020310196,0,99999,99999,99999,1,0,1,-360,360,0,0,0,0,0,0,0,0
40168,40595,0,1.444026666,0,99999,99999,99999,1,0,1,-360,360,0,0,0,0,0,0,0,0
40168,40844,0,0.110324911,0,99999,99999,99999,1,0,1,-360,360,0,0,0,0,0,0,0,0
40169,40994,0,0.189859203,0,99999,99999,99999,1,0,1,-360,360,0,0,0,0,0,0,0,0
40169,40961,0,0.630945844,0,99999,99999,99999,1,0,1,-360,360,0,0,0,0,0,0,0,0
40169,40917,0,0.420653619,0,99999,99999,99999,1,0,1,-360,360,0,0,0,0,0,0,0,0
40169,40367,0,1.074537353,0,99999,99999,99999,1,0,1,-360,360,0,0,0,0,0,0,0,0
40169,40369,0,1.150755792,0,99999,99999,99999,1,0,1,-360,360,0,0,0,0,0,0,0,0
40169,40829,0,1.603865548,0,99999,99999,99999,1,0,1,-360,360,0,0,0,0,0,0,0,0
40169,40310,0,0.666753259,0,99999,99999,99999,1,0,1,-360,360,0,0,0,0,0,0,0,0
40169,40309,0,1.908571801,0,99999,99999,99999,1,0,1,-360,360,0,0,0,0,0,0,0,0
40169,40299,0,0.181604681,0,99999,99999,99999,1,0,1,-360,360,0,0,0,0,0,0,0,0
40169,40281,0,0.593461047,0,99999,99999,99999,1,0,1,-360,360,0,0,0,0,0,0,0,0
40169,40279,0,0.276473519,0,99999,99999,99999,1,0,1,-360,360,0,0,0,0,0,0,0,0
40169,40844,0,0.335864195,0,99999,99999,99999,1,0,1,-360,360,0,0,0,0,0,0,0,0
40279,40994,0,0.308913783,0,99999,99999,99999,1,0,1,-360,360,0,0,0,0,0,0,0,0
40279,40961,0,0.91158327,0,99999,99999,99999,1,0,1,-360,360,0,0,0,0,0,0,0,0
40279,40917,0,0.612737272,0,99999,99999,99999,1,0,1,-360,360,0,0,0,0,0,0,0,0
40279,40367,0,1.201672004,0,99999,99999,99999,1,0,1,-360,360,0,0,0,0,0,0,0,0
40279,40369,0,1.354025856,0,99999,99999,99999,1,0,1,-360,360,0,0,0,0,0,0,0,0
40279,40829,0,2.103770152,0,99999,99999,99999,1,0,1,-360,360,0,0,0,0,0,0,0,0
40279,40310,0,0.532348973,0,99999,99999,99999,1,0,1,-360,360,0,0,0,0,0,0,0,0
40279,40309,0,1.368803016,0,99999,99999,99999,1,0,1,-360,360,0,0,0,0,0,0,0,0
40279,40299,0,0.231071742,0,99999,99999,99999,1,0,1,-360,360,0,0,0,0,0,0,0,0
40279,40281,0,0.393082574,0,99999,99999,99999,1,0,1,-360,360,0,0,0,0,0,0,0,0
40279,40844,0,0.494301178,0,99999,99999,99999,1,0,1,-360,360,0,0,0,0,0,0,0,0
40281,40994,0,0.285457391,0,99999,99999,99999,1,0,1,-360,360,0,0,0,0,0,0,0,0
40281,40518,0,1.19445603,0,99999,99999,99999,1,0,1,-360,360,0,0,0,0,0,0,0,0
40281,40961,0,0.607983318,0,99999,99999,99999,1,0,1,-360,360,0,0,0,0,0,0,0,0
40281,40917,0,0.464675832,0,99999,99999,99999,1,0,1,-360,360,0,0,0,0,0,0,0,0
40281,40391,0,0.652655665,0,99999,99999,99999,1,0,1,-360,360,0,0,0,0,0,0,0,0
40281,40367,0,0.282800983,0,99999,99999,99999,1,0,1,-360,360,0,0,0,0,0,0,0,0
40281,40369,0,0.439135765,0,99999,99999,99999,1,0,1,-360,360,0,0,0,0,0,0,0,0
40281,40881,0,1.187056764,0,99999,99999,99999,1,0,1,-360,360,0,0,0,0,0,0,0,0
40281,40829,0,0.943740495,0,99999,99999,99999,1,0,1,-360,360,0,0,0,0,0,0,0,0
40281,40310,0,0.04782493,0,99999,99999,99999,1,0,1,-360,360,0,0,0,0,0,0,0,0
40281,40309,0,0.060044016,0,99999,99999,99999,1,0,1,-360,360,0,0,0,0,0,0,0,0
40281,40299,0,0.064972557,0,99999,99999,99999,1,0,1,-360,360,0,0,0,0,0,0,0,0
40281,40844,0,0.381698547,0,99999,99999,99999,1,0,1,-360,360,0,0,0,0,0,0,0,0
40299,40994,0,0.086895957,0,99999,99999,99999,1,0,1,-360,360,0,0,0,0,0,0,0,0
40299,40518,0,0.573302975,0,99999,99999,99999,1,0,1,-360,360,0,0,0,0,0,0,0,0
40299,40961,0,0.191911933,0,99999,99999,99999,1,0,1,-360,360,0,0,0,0,0,0,0,0
40299,40917,0,0.151201587,0,99999,99999,99999,1,0,1,-360,360,0,0,0,0,0,0,0,0
40299,40391,0,0.505770495,0,99999,99999,99999,1,0,1,-360,360,0,0,0,0,0,0,0,0
40299,40367,0,0.212937604,0,99999,99999,99999,1,0,1,-360,360,0,0,0,0,0,0,0,0
40299,40369,0,0.259811431,0,99999,99999,99999,1,0,1,-360,360,0,0,0,0,0,0,0,0
40299,40881,0,0.672263612,0,99999,99999,99999,1,0,1,-360,360,0,0,0,0,0,0,0,0
40299,40535,0,1.010465636,0,99999,99999,99999,1,0,1,-360,360,0,0,0,0,0,0,0,0
40299,40519,0,1.531304498,0,99999,99999,99999,1,0,1,-360,360,0,0,0,0,0,0,0,0
40299,40829,0,0.428371467,0,99999,99999,99999,1,0,1,-360,360,0,0,0,0,0,0,0,0
40299,40787,0,1.911442419,0,99999,99999,99999,1,0,1,-360,360,0,0,0,0,0,0,0,0
40299,40310,0,0.053472403,0,99999,99999,99999,1,0,1,-360,360,0,0,0,0,0,0,0,0
40299,40309,0,0.012956079,0,99999,99999,99999,1,0,1,-360,360,0,0,0,0,0,0,0,0
40299,40595,0,1.992709001,0,99999,99999,99999,1,0,1,-360,360,0,0,0,0,0,0,0,0
40299,40844,0,0.122730223,0,99999,99999,99999,1,0,1,-360,360,0,0,0,0,0,0,0,0
40309,40994,0,0.741187454,0,99999,99999,99999,1,0,1,-360,360,0,0,0,0,0,0,0,0
40309,40518,0,1.113820635,0,99999,99999,99999,1,0,1,-360,360,0,0,0,0,0,0,0,0
40309,40961,0,1.015186388,0,99999,99999,99999,1,0,1,-360,360,0,0,0,0,0,0,0,0
40309,40917,0,0.875336377,0,99999,99999,99999,1,0,1,-360,360,0,0,0,0,0,0,0,0
40309,40391,0,0.627519571,0,99999,99999,99999,1,0,1,-360,360,0,0,0,0,0,0,0,0
40309,40367,0,0.215510877,0,99999,99999,99999,1,0,1,-360,360,0,0,0,0,0,0,0,0
40309,40369,0,0.362380486,0,99999,99999,99999,1,0,1,-360,360,0,0,0,0,0,0,0,0
40309,40881,0,1.244773988,0,99999,99999,99999,1,0,1,-360,360,0,0,0,0,0,0,0,0
40309,40535,0,2.080416179,0,99999,99999,99999,1,0,1,-360,360,0,0,0,0,0,0,0,0
40309,40829,0,0.919045565,0,99999,99999,99999,1,0,1,-360,360,0,0,0,0,0,0,0,0
40309,40310,0,0.072339591,0,99999,99999,99999,1,0,1,-360,360,0,0,0,0,0,0,0,0
40309,40844,0,0.7504711,0,99999,99999,99999,1,0,1,-360,360,0,0,0,0,0,0,0,0
40310,40994,0,0.302010967,0,99999,99999,99999,1,0,1,-360,360,0,0,0,0,0,0,0,0
40310,40518,0,0.707287606,0,99999,99999,99999,1,0,1,-360,360,0,0,0,0,0,0,0,0
40310,40961,0,0.502105674,0,99999,99999,99999,1,0,1,-360,360,0,0,0,0,0,0,0,0
40310,40917,0,0.415282606,0,99999,99999,99999,1,0,1,-360,360,0,0,0,0,0,0,0,0
40310,40391,0,0.46962907,0,99999,99999,99999,1,0,1,-360,360,0,0,0,0,0,0,0,0
40310,40367,0,0.159916397,0,99999,99999,99999,1,0,1,-360,360,0,0,0,0,0,0,0,0
40310,40369,0,0.243970156,0,99999,99999,99999,1,0,1,-360,360,0,0,0,0,0,0,0,0
40310,40881,0,0.80827455,0,99999,99999,99999,1,0,1,-360,360,0,0,0,0,0,0,0,0
40310,40535,0,1.308360472,0,99999,99999,99999,1,0,1,-360,360,0,0,0,0,0,0,0,0
40310,40519,0,1.778197413,0,99999,99999,99999,1,0,1,-360,360,0,0,0,0,0,0,0,0
40310,40829,0,0.573125819,0,99999,99999,99999,1,0,1,-360,360,0,0,0,0,0,0,0,0
40310,40844,0,0.349050905,0,99999,99999,99999,1,0,1,-360,360,0,0,0,0,0,0,0,0
40367,53217,0,1.636627915,0,99999,99999,99999,1,0,1,-360,360,0,0,0,0,0,0,0,0
40367,53297,0,1.098094911,0,99999,99999,99999,1,0,1,-360,360,0,0,0,0,0,0,0,0
40367,40994,0,0.354128941,0,99999,99999,99999,1,0,1,-360,360,0,0,0,0,0,0,0,0
40367,40518,0,0.353534487,0,99999,99999,99999,1,0,1,-360,360,0,0,0,0,0,0,0,0
40367,40961,0,0.38436773,0,99999,99999,99999,1,0,1,-360,360,0,0,0,0,0,0,0,0
40367,40917,0,0.347746255,0,99999,99999,99999,1,0,1,-360,360,0,0,0,0,0,0,0,0
40367,40391,0,0.01164918,0,99999,99999,99999,1,0,1,-360,360,0,0,0,0,0,0,0,0
40367,40369,0,0.023470709,0,99999,99999,99999,1,0,1,-360,360,0,0,0,0,0,0,0,0
40367,40881,0,0.332289267,0,99999,99999,99999,1,0,1,-360,360,0,0,0,0,0,0,0,0
40367,40535,0,0.663550406,0,99999,99999,99999,1,0,1,-360,360,0,0,0,0,0,0,0,0
40367,40519,0,0.784067332,0,99999,99999,99999,1,0,1,-360,360,0,0,0,0,0,0,0,0
40367,40829,0,0.299292748,0,99999,99999,99999,1,0,1,-360,360,0,0,0,0,0,0,0,0
40367,40595,0,1.149736725,0,99999,99999,99999,1,0,1,-360,360,0,0,0,0,0,0,0,0
40367,40844,0,0.303594322,0,99999,99999,99999,1,0,1,-360,360,0,0,0,0,0,0,0,0
40369,53217,0,1.69389394,0,99999,99999,99999,1,0,1,-360,360,0,0,0,0,0,0,0,0
40369,53297,0,1.12020931,0,99999,99999,99999,1,0,1,-360,360,0,0,0,0,0,0,0,0
40369,40994,0,0.356657966,0,99999,99999,99999,1,0,1,-360,360,0,0,0,0,0,0,0,0
40369,40518,0,0.15422497,0,99999,99999,99999,1,0,1,-360,360,0,0,0,0,0,0,0,0
40369,40961,0,0.285823748,0,99999,99999,99999,1,0,1,-360,360,0,0,0,0,0,0,0,0
40369,40917,0,0.28996434,0,99999,99999,99999,1,0,1,-360,360,0,0,0,0,0,0,0,0
40369,40391,0,0.043263145,0,99999,99999,99999,1,0,1,-360,360,0,0,0,0,0,0,0,0
40369,40881,0,0.307624991,0,99999,99999,99999,1,0,1,-360,360,0,0,0,0,0,0,0,0
40369,40535,0,0.319209112,0,99999,99999,99999,1,0,1,-360,360,0,0,0,0,0,0,0,0
40369,40519,0,0.308054396,0,99999,99999,99999,1,0,1,-360,360,0,0,0,0,0,0,0,0
40369,40829,0,0.161089022,0,99999,99999,99999,1,0,1,-360,360,0,0,0,0,0,0,0,0
40369,40595,0,1.23987557,0,99999,99999,99999,1,0,1,-360,360,0,0,0,0,0,0,0,0
40369,40844,0,0.25751982,0,99999,99999,99999,1,0,1,-360,360,0,0,0,0,0,0,0,0
40391,53297,0,2.012358562,0,99999,99999,99999,1,0,1,-360,360,0,0,0,0,0,0,0,0
40391,40994,0,0.760477636,0,99999,99999,99999,1,0,1,-360,360,0,0,0,0,0,0,0,0
40391,40518,0,0.526767222,0,99999,99999,99999,1,0,1,-360,360,0,0,0,0,0,0,0,0
40391,40961,0,0.756553938,0,99999,99999,99999,1,0,1,-360,360,0,0,0,0,0,0,0,0
40391,40917,0,0.720035788,0,99999,99999,99999,1,0,1,-360,360,0,0,0,0,0,0,0,0
40391,40881,0,0.621285825,0,99999,99999,99999,1,0,1,-360,360,0,0,0,0,0,0,0,0
40391,40535,0,1.04189526,0,99999,99999,99999,1,0,1,-360,360,0,0,0,0,0,0,0,0
40391,40519,0,0.854669517,0,99999,99999,99999,1,0,1,-360,360,0,0,0,0,0,0,0,0
40391,40829,0,0.494152904,0,99999,99999,99999,1,0,1,-360,360,0,0,0,0,0,0,0,0
40391,40595,0,2.111233583,0,99999,99999,99999,1,0,1,-360,360,0,0,0,0,0,0,0,0
40391,40844,0,0.630762483,0,99999,99999,99999,1,0,1,-360,360,0,0,0,0,0,0,0,0
40518,80007,0,0.757708797,0,99999,99999,99999,1,0,1,-360,360,0,0,0,0,0,0,0,0
40518,80046,0,1.424660687,0,99999,99999,99999,1,0,1,-360,360,0,0,0,0,0,0,0,0
40518,80050,0,2.133843878,0,99999,99999,99999,1,0,1,-360,360,0,0,0,0,0,0,0,0
40518,53297,0,1.459985358,0,99999,99999,99999,1,0,1,-360,360,0,0,0,0,0,0,0,0
40518,40994,0,0.595677902,0,99999,99999,99999,1,0,1,-360,360,0,0,0,0,0,0,0,0
40518,40961,0,0.274709656,0,99999,99999,99999,1,0,1,-360,360,0,0,0,0,0,0,0,0
40518,40917,0,0.383954045,0,99999,99999,99999,1,0,1,-360,360,0,0,0,0,0,0,0,0
40518,40881,0,0.28916412,0,99999,99999,99999,1,0,1,-360,360,0,0,0,0,0,0,0,0
40518,40535,0,0.015455576,0,99999,99999,99999,1,0,1,-360,360,0,0,0,0,0,0,0,0
40518,40519,0,0.038704709,0,99999,99999,99999,1,0,1,-360,360,0,0,0,0,0,0,0,0
40518,40829,0,0.127079096,0,99999,99999,99999,1,0,1,-360,360,0,0,0,0,0,0,0,0
40518,40595,0,2.089340048,0,99999,99999,99999,1,0,1,-360,360,0,0,0,0,0,0,0,0
40518,40844,0,0.347156419,0,99999,99999,99999,1,0,1,-360,360,0,0,0,0,0,0,0,0
40519,40994,0,1.709486325,0,99999,99999,99999,1,0,1,-360,360,0,0,0,0,0,0,0,0
40519,40961,0,0.88199537,0,99999,99999,99999,1,0,1,-360,360,0,0,0,0,0,0,0,0
40519,40917,0,1.167777739,0,99999,99999,99999,1,0,1,-360,360,0,0,0,0,0,0,0,0
40519,40881,0,0.876614549,0,99999,99999,99999,1,0,1,-360,360,0,0,0,0,0,0,0,0
40519,40535,0,0.160794099,0,99999,99999,99999,1,0,1,-360,360,0,0,0,0,0,0,0,0
40519,40829,0,0.388512852,0,99999,99999,99999,1,0,1,-360,360,0,0,0,0,0,0,0,0
40519,40844,0,1.051528256,0,99999,99999,99999,1,0,1,-360,360,0,0,0,0,0,0,0,0
40535,80007,0,0.894771357,0,99999,99999,99999,1,0,1,-360,360,0,0,0,0,0,0,0,0
40535,80046,0,1.652527116,0,99999,99999,99999,1,0,1,-360,360,0,0,0,0,0,0,0,0
40535,40994,0,1.02233747,0,99999,99999,99999,1,0,1,-360,360,0,0,0,0,0,0,0,0
40535,40961,0,0.460480633,0,99999,99999,99999,1,0,1,-360,360,0,0,0,0,0,0,0,0
40535,40917,0,0.65494802,0,99999,99999,99999,1,0,1,-360,360,0,0,0,0,0,0,0,0
40535,40881,0,0.447815164,0,99999,99999,99999,1,0,1,-360,360,0,0,0,0,0,0,0,0
40535,40829,0,0.223055659,0,99999,99999,99999,1,0,1,-360,360,0,0,0,0,0,0,0,0
40535,40844,0,0.592501048,0,99999,99999,99999,1,0,1,-360,360,0,0,0,0,0,0,0,0
40595,53217,0,1.269202229,0,99999,99999,99999,1,0,1,-360,360,0,0,0,0,0,0,0,0
40595,53297,0,0.845687774,0,99999,99999,99999,1,0,1,-360,360,0,0,0,0,0,0,0,0
40595,40881,0,0.30889003,0,99999,99999,99999,1,0,1,-360,360,0,0,0,0,0,0,0,0
40602,53217,0,1.95461213,0,99999,99999,99999,1,0,1,-360,360,0,0,0,0,0,0,0,0
40602,53297,0,1.172486893,0,99999,99999,99999,1,0,1,-360,360,0,0,0,0,0,0,0,0
40691,53217,0,0.406174944,0,99999,99999,99999,1,0,1,-360,360,0,0,0,0,0,0,0,0
40691,53297,0,0.253420553,0,99999,99999,99999,1,0,1,-360,360,0,0,0,0,0,0,0,0
40691,40881,0,0.745649072,0,99999,99999,99999,1,0,1,-360,360,0,0,0,0,0,0,0,0
40787,50099,0,1.546371313,0,99999,99999,99999,1,0,1,-360,360,0,0,0,0,0,0,0,0
40787,50399,0,0.997442379,0,99999,99999,99999,1,0,1,-360,360,0,0,0,0,0,0,0,0
40787,50385,0,0.397962418,0,99999,99999,99999,1,0,1,-360,360,0,0,0,0,0,0,0,0
40787,50024,0,0.898541216,0,99999,99999,99999,1,0,1,-360,360,0,0,0,0,0,0,0,0
40787,50000,0,1.266405497,0,99999,99999,99999,1,0,1,-360,360,0,0,0,0,0,0,0,0
40787,40994,0,1.736323677,0,99999,99999,99999,1,0,1,-360,360,0,0,0,0,0,0,0,0
40787,40917,0,2.124642026,0,99999,99999,99999,1,0,1,-360,360,0,0,0,0,0,0,0,0
40829,53297,0,1.807283583,0,99999,99999,99999,1,0,1,-360,360,0,0,0,0,0,0,0,0
40829,40994,0,0.414269371,0,99999,99999,99999,1,0,1,-360,360,0,0,0,0,0,0,0,0
40829,40961,0,0.171393517,0,99999,99999,99999,1,0,1,-360,360,0,0,0,0,0,0,0,0
40829,40917,0,0.252137852,0,99999,99999,99999,1,0,1,-360,360,0,0,0,0,0,0,0,0
40829,40881,0,0.402182359,0,99999,99999,99999,1,0,1,-360,360,0,0,0,0,0,0,0,0
40829,40844,0,0.228818507,0,99999,99999,99999,1,0,1,-360,360,0,0,0,0,0,0,0,0
40844,53297,0,2.087817766,0,99999,99999,99999,1,0,1,-360,360,0,0,0,0,0,0,0,0
40844,40994,0,0.06498098,0,99999,99999,99999,1,0,1,-360,360,0,0,0,0,0,0,0,0
40844,40961,0,0.079139886,0,99999,99999,99999,1,0,1,-360,360,0,0,0,0,0,0,0,0
40844,40917,0,0.043084885,0,99999,99999,99999,1,0,1,-360,360,0,0,0,0,0,0,0,0
40844,40881,0,0.505171534,0,99999,99999,99999,1,0,1,-360,360,0,0,0,0,0,0,0,0
40881,80007,0,0.99548811,0,99999,99999,99999,1,0,1,-360,360,0,0,0,0,0,0,0,0
40881,53217,0,0.318063166,0,99999,99999,99999,1,0,1,-360,360,0,0,0,0,0,0,0,0
40881,53297,0,0.174721982,0,99999,99999,99999,1,0,1,-360,360,0,0,0,0,0,0,0,0
40881,60663,0,0.883106161,0,99999,99999,99999,1,0,1,-360,360,0,0,0,0,0,0,0,0
40881,40994,0,0.789066665,0,99999,99999,99999,1,0,1,-360,360,0,0,0,0,0,0,0,0
40881,40961,0,0.586437245,0,99999,99999,99999,1,0,1,-360,360,0,0,0,0,0,0,0,0
40881,40917,0,0.562800529,0,99999,99999,99999,1,0,1,-360,360,0,0,0,0,0,0,0,0
40917,40994,0,0.083569819,0,99999,99999,99999,1,0,1,-360,360,0,0,0,0,0,0,0,0
40917,40961,0,0.086960205,0,99999,99999,99999,1,0,1,-360,360,0,0,0,0,0,0,0,0
40961,40994,0,0.147979771,0,99999,99999,99999,1,0,1,-360,360,0,0,0,0,0,0,0,0
50000,50099,0,1.556818998,0,99999,99999,99999,1,0,1,-360,360,0,0,0,0,0,0,0,0
50000,50399,0,1.027581295,0,99999,99999,99999,1,0,1,-360,360,0,0,0,0,0,0,0,0
50000,50385,0,0.371142511,0,99999,99999,99999,1,0,1,-360,360,0,0,0,0,0,0,0,0
50000,50024,0,0.444711944,0,99999,99999,99999,1,0,1,-360,360,0,0,0,0,0,0,0,0
50007,50099,0,0.311601623,0,99999,99999,99999,1,0,1,-360,360,0,0,0,0,0,0,0,0
50007,50399,0,0.942993067,0,99999,99999,99999,1,0,1,-360,360,0,0,0,0,0,0,0,0
50007,50385,0,1.535008041,0,99999,99999,99999,1,0,1,-360,360,0,0,0,0,0,0,0,0
50024,50099,0,0.457207732,0,99999,99999,99999,1,0,1,-360,360,0,0,0,0,0,0,0,0
50024,50399,0,0.289553008,0,99999,99999,99999,1,0,1,-360,360,0,0,0,0,0,0,0,0
50024,50385,0,0.174860487,0,99999,99999,99999,1,0,1,-360,360,0,0,0,0,0,0,0,0
50099,70155,0,0.193865245,0,99999,99999,99999,1,0,1,-360,360,0,0,0,0,0,0,0,0
50099,50399,0,0.051269514,0,99999,99999,99999,1,0,1,-360,360,0,0,0,0,0,0,0,0
50099,70000,0,0.96994431,0,99999,99999,99999,1,0,1,-360,360,0,0,0,0,0,0,0,0
50099,50385,0,0.147414232,0,99999,99999,99999,1,0,1,-360,360,0,0,0,0,0,0,0,0
50099,50316,0,0.116727807,0,99999,99999,99999,1,0,1,-360,360,0,0,0,0,0,0,0,0
50099,50196,0,0.303876332,0,99999,99999,99999,1,0,1,-360,360,0,0,0,0,0,0,0,0
50196,70155,0,0.555951274,0,99999,99999,99999,1,0,1,-360,360,0,0,0,0,0,0,0,0
50196,50399,0,0.921961695,0,99999,99999,99999,1,0,1,-360,360,0,0,0,0,0,0,0,0
50196,70000,0,0.548585618,0,99999,99999,99999,1,0,1,-360,360,0,0,0,0,0,0,0,0
50196,50316,0,0.861062913,0,99999,99999,99999,1,0,1,-360,360,0,0,0,0,0,0,0,0
50316,70155,0,0.232520918,0,99999,99999,99999,1,0,1,-360,360,0,0,0,0,0,0,0,0
50316,50399,0,0.380974616,0,99999,99999,99999,1,0,1,-360,360,0,0,0,0,0,0,0,0
50316,50385,0,1.099492216,0,99999,99999,99999,1,0,1,-360,360,0,0,0,0,0,0,0,0
50385,70155,0,1.668023093,0,99999,99999,99999,1,0,1,-360,360,0,0,0,0,0,0,0,0
50385,50399,0,0.149688551,0,99999,99999,99999,1,0,1,-360,360,0,0,0,0,0,0,0,0
50399,70155,0,0.571475032,0,99999,99999,99999,1,0,1,-360,360,0,0,0,0,0,0,0,0
53000,53002,0,0.669624024,0,99999,99999,99999,1,0,1,-360,360,0,0,0,0,0,0,0,0
53000,53297,0,2.107968824,0,99999,99999,99999,1,0,1,-360,360,0,0,0,0,0,0,0,0
53002,53297,0,2.089167057,0,99999,99999,99999,1,0,1,-360,360,0,0,0,0,0,0,0,0
53002,60663,0,1.066385181,0,99999,99999,99999,1,0,1,-360,360,0,0,0,0,0,0,0,0
53002,60577,0,0.246963516,0,99999,99999,99999,1,0,1,-360,360,0,0,0,0,0,0,0,0
53012,80007,0,0.605674717,0,99999,99999,99999,1,0,1,-360,360,0,0,0,0,0,0,0,0
53217,60000,0,1.423796625,0,99999,99999,99999,1,0,1,-360,360,0,0,0,0,0,0,0,0
53217,53297,0,0.025070525,0,99999,99999,99999,1,0,1,-360,360,0,0,0,0,0,0,0,0
53217,60003,0,0.946660133,0,99999,99999,99999,1,0,1,-360,360,0,0,0,0,0,0,0,0
53217,60663,0,0.72066504,0,99999,99999,99999,1,0,1,-360,360,0,0,0,0,0,0,0,0
53217,60514,0,1.714929706,0,99999,99999,99999,1,0,1,-360,360,0,0,0,0,0,0,0,0
53297,60194,0,0.895022621,0,99999,99999,99999,1,0,1,-360,360,0,0,0,0,0,0,0,0
53297,60000,0,0.588948808,0,99999,99999,99999,1,0,1,-360,360,0,0,0,0,0,0,0,0
53297,60003,0,0.380446061,0,99999,99999,99999,1,0,1,-360,360,0,0,0,0,0,0,0,0
53297,60663,0,0.296971363,0,99999,99999,99999,1,0,1,-360,360,0,0,0,0,0,0,0,0
53297,60514,0,0.693863598,0,99999,99999,99999,1,0,1,-360,360,0,0,0,0,0,0,0,0
60000,60003,0,1.427560631,0,99999,99999,99999,1,0,1,-360,360,0,0,0,0,0,0,0,0
60003,60194,0,0.99292406,0,99999,99999,99999,1,0,1,-360,360,0,0,0,0,0,0,0,0
60003,60663,0,0.650256135,0,99999,99999,99999,1,0,1,-360,360,0,0,0,0,0,0,0,0
60003,60514,0,0.825283593,0,99999,99999,99999,1,0,1,-360,360,0,0,0,0,0,0,0,0
60194,70172,0,0.37642247,0,99999,99999,99999,1,0,1,-360,360,0,0,0,0,0,0,0,0
60194,60663,0,0.206564205,0,99999,99999,99999,1,0,1,-360,360,0,0,0,0,0,0,0,0
60194,60514,0,0.076252234,0,99999,99999,99999,1,0,1,-360,360,0,0,0,0,0,0,0,0
60194,70098,0,0.379907533,0,99999,99999,99999,1,0,1,-360,360,0,0,0,0,0,0,0,0
60514,70063,0,1.7244196,0,99999,99999,99999,1,0,1,-360,360,0,0,0,0,0,0,0,0
60514,70172,0,0.291106664,0,99999,99999,99999,1,0,1,-360,360,0,0,0,0,0,0,0,0
60514,60663,0,0.095432834,0,99999,99999,99999,1,0,1,-360,360,0,0,0,0,0,0,0,0
60514,70098,0,0.289690204,0,99999,99999,99999,1,0,1,-360,360,0,0,0,0,0,0,0,0
60577,60663,0,0.40785601,0,99999,99999,99999,1,0,1,-360,360,0,0,0,0,0,0,0,0
60663,70172,0,0.832112541,0,99999,99999,99999,1,0,1,-360,360,0,0,0,0,0,0,0,0
60663,70098,0,0.827482395,0,99999,99999,99999,1,0,1,-360,360,0,0,0,0,0,0,0,0
70000,70155,0,1.602378271,0,99999,99999,99999,1,0,1,-360,360,0,0,0,0,0,0,0,0
70000,70016,0,1.001814893,0,99999,99999,99999,1,0,1,-360,360,0,0,0,0,0,0,0,0
70016,77001,0,2.138284106,0,99999,99999,99999,1,0,1,-360,360,0,0,0,0,0,0,0,0
70016,77261,0,0.537836441,0,99999,99999,99999,1,0,1,-360,360,0,0,0,0,0,0,0,0
70063,77001,0,1.235856743,0,99999,99999,99999,1,0,1,-360,360,0,0,0,0,0,0,0,0
70063,77261,0,0.241866665,0,99999,99999,99999,1,0,1,-360,360,0,0,0,0,0,0,0,0
70063,70172,0,0.873791688,0,99999,99999,99999,1,0,1,-360,360,0,0,0,0,0,0,0,0
70063,70098,0,0.210524696,0,99999,99999,99999,1,0,1,-360,360,0,0,0,0,0,0,0,0
70098,77001,0,1.514914208,0,99999,99999,99999,1,0,1,-360,360,0,0,0,0,0,0,0,0
70098,77261,0,0.26296528,0,99999,99999,99999,1,0,1,-360,360,0,0,0,0,0,0,0,0
70098,70172,0,0.148806026,0,99999,99999,99999,1,0,1,-360,360,0,0,0,0,0,0,0,0
70172,77261,0,1.105411996,0,99999,99999,99999,1,0,1,-360,360,0,0,0,0,0,0,0,0
74001,74104,0,1.381381771,0,99999,99999,99999,1,0,1,-360,360,0,0,0,0,0,0,0,0
74053,74235,0,0.186036781,0,99999,99999,99999,1,0,1,-360,360,0,0,0,0,0,0,0,0
74053,77173,0,0.469799765,0,99999,99999,99999,1,0,1,-360,360,0,0,0,0,0,0,0,0
74132,77001,0,2.030723272,0,99999,99999,99999,1,0,1,-360,360,0,0,0,0,0,0,0,0
74132,77261,0,0.77902594,0,99999,99999,99999,1,0,1,-360,360,0,0,0,0,0,0,0,0
74132,74235,0,0.21841651,0,99999,99999,99999,1,0,1,-360,360,0,0,0,0,0,0,0,0
74235,77173,0,0.278469389,0,99999,99999,99999,1,0,1,-360,360,0,0,0,0,0,0,0,0
77001,77261,0,0.123320854,0,99999,99999,99999,1,0,1,-360,360,0,0,0,0,0,0,0,0
80007,80046,0,0.050354602,0,99999,99999,99999,1,0,1,-360,360,0,0,0,0,0,0,0,0
80007,80050,0,0.029136709,0,99999,99999,99999,1,0,1,-360,360,0,0,0,0,0,0,0,0
80007,80047,0,0.199739177,0,99999,99999,99999,1,0,1,-360,360,0,0,0,0,0,0,0,0
80046,80047,0,0.028735012,0,99999,99999,99999,1,0,1,-360,360,0,0,0,0,0,0,0,0
80046,80050,0,0.061609595,0,99999,99999,99999,1,0,1,-360,360,0,0,0,0,0,0,0,0
80047,80050,0,0.256873613,0,99999,99999,99999,1,0,1,-360,360,0,0,0,0,0,0,0,0
